{"train/decode.loss_ce": 0.7185404346083963, "train/decode.loss_dice": 1.0235529423549474, "train/decode.acc_seg": 74.47529826890553, "train/aux.loss_ce": 0.355407277775916, "train/aux.loss_dice": 0.426863972615722, "train/aux.acc_seg": 69.61128558228347, "train/loss": 2.5243646198550596, "learning_rate": 0.1, "momentum": 0.9, "epoch": 300, "_timestamp": 1656400323, "_runtime": 27575, "_step": 45301, "val/eval_iter_num": 76, "val/aAcc": 0.6962999999999999, "val/mIoU": 0.40090000000000003, "val/mAcc": 0.5277000000000001, "val/IoU.background": 0.0, "val/IoU.wall": 0.617599983215332, "val/IoU.floor": 0.42389999389648436, "val/IoU.column": 0.09579999923706055, "val/IoU.opening": 0.7370999908447265, "val/IoU.facade/deco": 0.5308000183105469, "val/Acc.background": 0.0, "val/Acc.wall": 0.8518000030517578, "val/Acc.floor": 0.47049999237060547, "val/Acc.column": 0.32560001373291014, "val/Acc.opening": 0.8358000183105468, "val/Acc.facade/deco": 0.6823000335693359, "_wandb": {"runtime": 27576}}