{"train/decode.loss_ce": 0.9254844922893095, "train/decode.loss_dice": 0.9833272306729626, "train/decode.acc_seg": 70.83046201996456, "train/aux.loss_ce": 0.36166224939538943, "train/aux.loss_dice": 0.5641050232167275, "train/aux.acc_seg": 65.39979399118992, "train/loss": 2.8345789940941413, "learning_rate": 0.01, "momentum": 0.9, "epoch": 300, "_timestamp": 1657161815, "_runtime": 18606, "_step": 45301, "val/eval_iter_num": 38, "val/aAcc": 0.7268000000000001, "val/mIoU": 0.44299999999999995, "val/mAcc": 0.5706, "val/IoU.background": NaN, "val/IoU.wall": 0.6081000137329101, "val/IoU.floor": 0.4118000030517578, "val/IoU.column": 0.0, "val/IoU.opening": 0.7041999816894531, "val/IoU.facade/deco": 0.4906999969482422, "val/Acc.background": NaN, "val/Acc.wall": 0.7851000213623047, "val/Acc.floor": 0.5875, "val/Acc.column": 0.0, "val/Acc.opening": 0.8229000091552734, "val/Acc.facade/deco": 0.6576000213623047, "_wandb": {"runtime": 18607}}