{"train/decode.loss_ce": 0.7060701006295665, "train/decode.loss_dice": 0.698582830511971, "train/decode.acc_seg": 78.43948447625368, "train/aux.loss_ce": 0.2672027315919762, "train/aux.loss_dice": 0.3959212673223571, "train/aux.acc_seg": 76.40059406709987, "train/loss": 2.0677769302532374, "learning_rate": 0.01, "momentum": 0.9, "epoch": 300, "_timestamp": 1656426339, "_runtime": 18072, "_step": 45301, "val/eval_iter_num": 38, "val/aAcc": 0.7020000000000001, "val/mIoU": 0.4012, "val/mAcc": 0.5011, "val/IoU.background": 0.0, "val/IoU.wall": 0.5633000183105469, "val/IoU.floor": 0.5063999938964844, "val/IoU.column": 0.0023000000417232516, "val/IoU.opening": 0.7783000183105468, "val/IoU.facade/deco": 0.5568000030517578, "val/Acc.background": 0.0, "val/Acc.wall": 0.8329000091552734, "val/Acc.floor": 0.5272999954223633, "val/Acc.column": 0.0023000000417232516, "val/Acc.opening": 0.8504000091552735, "val/Acc.facade/deco": 0.7938999938964844, "_wandb": {"runtime": 18074}}