{"train/decode.loss_ce": 1.261150219582564, "train/decode.loss_dice": 1.3545018643732891, "train/decode.acc_seg": 54.84478538715287, "train/aux.loss_ce": 0.4674195313690514, "train/aux.loss_dice": 0.6629152665075088, "train/aux.acc_seg": 52.49195501820141, "train/loss": 3.745986859530013, "learning_rate": 0.01, "momentum": 0.9, "epoch": 2, "_timestamp": 1656408380, "_runtime": 113, "_step": 302, "val/eval_iter_num": 38, "val/aAcc": 0.2553, "val/mIoU": 0.1121, "val/mAcc": 0.23629999999999998, "val/IoU.background": 0.0, "val/IoU.wall": 0.2184000015258789, "val/IoU.floor": 0.059800000190734864, "val/IoU.column": 0.0, "val/IoU.opening": 0.20600000381469727, "val/IoU.facade/deco": 0.18809999465942384, "val/Acc.background": 0.0, "val/Acc.wall": 0.27260000228881837, "val/Acc.floor": 0.5956999969482422, "val/Acc.column": 0.0, "val/Acc.opening": 0.2628000068664551, "val/Acc.facade/deco": 0.2868000030517578}