{"train/decode.loss_ce": 0.7123759284319467, "train/decode.loss_dice": 0.7206925182350424, "train/decode.acc_seg": 77.75026851931945, "train/loss": 1.4330684499235342, "learning_rate": 0.1, "momentum": 0.9, "epoch": 123, "_timestamp": 1657275645, "_runtime": 7101, "_step": 18574, "val/eval_iter_num": 38, "val/aAcc": 0.7715000000000001, "val/mIoU": 0.48950000000000005, "val/mAcc": 0.5896, "val/IoU.background": NaN, "val/IoU.wall": 0.6712000274658203, "val/IoU.floor": 0.46939998626708984, "val/IoU.column": 0.0, "val/IoU.opening": 0.7534999847412109, "val/IoU.facade/deco": 0.5536000061035157, "val/Acc.background": NaN, "val/Acc.wall": 0.8481999969482422, "val/Acc.floor": 0.5125999832153321, "val/Acc.column": 0.0, "val/Acc.opening": 0.8713999938964844, "val/Acc.facade/deco": 0.7156999969482422}