{"train/decode.loss_ce": 0.7343977330536242, "train/decode.loss_dice": 0.7447829335335864, "train/decode.acc_seg": 64.40015737268308, "train/aux.loss_ce": 0.25776275202928, "train/aux.loss_dice": 0.47006232039817913, "train/aux.acc_seg": 61.788127532857935, "train/loss": 2.207005722633261, "learning_rate": 0.01, "momentum": 0.8, "epoch": 300, "_timestamp": 1654757956, "_runtime": 35017, "_step": 45302, "val/aAcc": 0.7173999999999999, "val/mIoU": 0.3671, "val/mAcc": 0.4708, "val/IoU.background": 0.0, "val/IoU.wall": 0.6147000122070313, "val/IoU.floor": 0.37279998779296875, "val/IoU.column": 0.0, "val/IoU.opening": 0.7105000305175782, "val/IoU.facade/deco": 0.5047999954223633, "val/Acc.background": 0.0, "val/Acc.wall": 0.8434999847412109, "val/Acc.floor": 0.4954999923706055, "val/Acc.column": 0.0, "val/Acc.opening": 0.8227999877929687, "val/Acc.facade/deco": 0.6627999877929688, "val/decode.loss_ce_val": 0.7343385541125348, "val/decode.loss_dice_val": 0.7950464643930134, "val/decode.acc_seg_val": 76.0241302691008, "val/aux.loss_ce_val": 0.2695584795192668, "val/aux.loss_dice_val": 0.4822817680082823, "val/aux.acc_seg_val": 73.5071799629613, "val/loss_val": 2.281225257798245, "_wandb": {"runtime": 35019}}