{"train/decode.loss_ce": 0.7275734571431647, "train/decode.loss_dice": 0.8546698471370912, "train/decode.acc_seg": 77.19283668568592, "train/loss": 1.5822432935237885, "learning_rate": 0.1, "momentum": 0.9, "epoch": 300, "_timestamp": 1657186361, "_runtime": 18302, "_step": 45301, "val/eval_iter_num": 38, "val/aAcc": 0.7556999999999999, "val/mIoU": 0.4729, "val/mAcc": 0.5677, "val/IoU.background": 0.3127000045776367, "val/IoU.wall": 0.64, "val/IoU.floor": 0.5, "val/IoU.column": 0.0496999979019165, "val/IoU.opening": 0.7691999816894531, "val/IoU.facade/deco": 0.5654999923706054, "val/Acc.background": 0.32529998779296876, "val/Acc.wall": 0.8541000366210938, "val/Acc.floor": 0.5456000137329101, "val/Acc.column": 0.050300002098083496, "val/Acc.opening": 0.9066000366210938, "val/Acc.facade/deco": 0.7243000030517578, "_wandb": {"runtime": 18304}}