{"train/decode.loss_ce": 0.48823155225902204, "train/decode.loss_dice": 0.5662694018802895, "train/decode.acc_seg": 82.6701077088615, "train/loss": 1.054500952264331, "learning_rate": 0.001, "momentum": 0.9, "epoch": 300, "_timestamp": 1655933161, "_runtime": 24817, "_step": 45301, "val/eval_iter_num": 76, "val/aAcc": 0.7361, "val/mIoU": 0.47759999999999997, "val/mAcc": 0.5864, "val/IoU.background": 0.0, "val/IoU.wall": 0.61, "val/IoU.floor": 0.5631999969482422, "val/IoU.column": 0.33220001220703127, "val/IoU.opening": 0.7776999664306641, "val/IoU.facade/deco": 0.5825, "val/Acc.background": 0.0, "val/Acc.wall": 0.8716000366210938, "val/Acc.floor": 0.6515000152587891, "val/Acc.column": 0.4129000091552734, "val/Acc.opening": 0.8668000030517579, "val/Acc.facade/deco": 0.7158000183105468, "_wandb": {"runtime": 24819}}