{"train/decode.loss_ce": 0.5726051677931223, "train/decode.loss_dice": 0.876858648480169, "train/decode.acc_seg": 78.99595894718802, "train/loss": 1.449463816668024, "learning_rate": 0.001, "momentum": 0.9, "epoch": 300, "_timestamp": 1656889363, "_runtime": 28851, "_step": 45301, "val/eval_iter_num": 38, "val/aAcc": 0.7853, "val/mIoU": 0.5663, "val/mAcc": 0.6898000000000001, "val/IoU.background": NaN, "val/IoU.wall": 0.6718000030517578, "val/IoU.floor": 0.44869998931884764, "val/IoU.column": 0.35939998626708985, "val/IoU.opening": 0.7623999786376953, "val/IoU.facade/deco": 0.5890999984741211, "val/Acc.background": NaN, "val/Acc.wall": 0.8379000091552734, "val/Acc.floor": 0.4911000061035156, "val/Acc.column": 0.535, "val/Acc.opening": 0.8605000305175782, "val/Acc.facade/deco": 0.724800033569336, "_wandb": {"runtime": 28852}}