{"train/decode.loss_ce": 0.5552719460417893, "train/decode.loss_dice": 0.8339695306803216, "train/decode.acc_seg": 80.0521973363611, "train/aux.loss_ce": 0.22926783546904064, "train/aux.loss_dice": 0.44001033053492866, "train/aux.acc_seg": 78.53678828359439, "train/loss": 2.058519642874105, "learning_rate": 0.001, "momentum": 0.9, "epoch": 300, "_timestamp": 1656444361, "_runtime": 17992, "_step": 45301, "val/eval_iter_num": 38, "val/aAcc": 0.7091, "val/mIoU": 0.4401, "val/mAcc": 0.5820000000000001, "val/IoU.background": 0.0, "val/IoU.wall": 0.6140000152587891, "val/IoU.floor": 0.5163999938964844, "val/IoU.column": 0.16389999389648438, "val/IoU.opening": 0.7555999755859375, "val/IoU.facade/deco": 0.590999984741211, "val/Acc.background": 0.0, "val/Acc.wall": 0.8577999877929687, "val/Acc.floor": 0.5461000061035156, "val/Acc.column": 0.5295000076293945, "val/Acc.opening": 0.8155000305175781, "val/Acc.facade/deco": 0.7433000183105469, "_wandb": {"runtime": 17995}}