{"train/decode.loss_ce": 0.5135887639214661, "train/decode.loss_dice": 0.5775164831553073, "train/decode.acc_seg": 82.26690928983372, "train/loss": 1.0911052479649221, "learning_rate": 0.001, "momentum": 0.9, "epoch": 300, "_timestamp": 1655675730, "_runtime": 24707, "_step": 45301, "val/eval_iter_num": 76, "val/aAcc": 0.7267, "val/mIoU": 0.4607, "val/mAcc": 0.5624, "val/IoU.background": 0.0, "val/IoU.wall": 0.6029999923706054, "val/IoU.floor": 0.49709999084472656, "val/IoU.column": 0.33939998626708984, "val/IoU.opening": 0.7562999725341797, "val/IoU.facade/deco": 0.5683000183105469, "val/Acc.background": 0.0, "val/Acc.wall": 0.8809999847412109, "val/Acc.floor": 0.5495000076293945, "val/Acc.column": 0.4009000015258789, "val/Acc.opening": 0.8530999755859375, "val/Acc.facade/deco": 0.6897000122070313, "_wandb": {"runtime": 24708}}