{"train/decode.loss_ce": 0.5316538279814436, "train/decode.loss_dice": 0.5783588731328383, "train/decode.acc_seg": 81.69254421714126, "train/loss": 1.11001270476556, "learning_rate": 0.01, "momentum": 0.9, "epoch": 300, "_timestamp": 1656277755, "_runtime": 23560, "_step": 45301, "val/eval_iter_num": 76, "val/aAcc": 0.7182, "val/mIoU": 0.45799999999999996, "val/mAcc": 0.6058, "val/IoU.background": 0.0, "val/IoU.wall": 0.5872999954223633, "val/IoU.floor": 0.5497999954223632, "val/IoU.column": 0.2822999954223633, "val/IoU.opening": 0.7601000213623047, "val/IoU.facade/deco": 0.5681999969482422, "val/Acc.background": 0.0, "val/Acc.wall": 0.8337000274658203, "val/Acc.floor": 0.6377999877929688, "val/Acc.column": 0.6054000091552735, "val/Acc.opening": 0.8451000213623047, "val/Acc.facade/deco": 0.7129000091552734, "_wandb": {"runtime": 23561}}