{"train/decode.loss_ce": 0.7971149994837528, "train/decode.loss_dice": 1.3088669433499014, "train/decode.acc_seg": 69.99497657422198, "train/loss": 2.1059819475704473, "learning_rate": 0.0001, "momentum": 0.9, "epoch": 300, "_timestamp": 1657135180, "_runtime": 23032, "_step": 45301, "val/eval_iter_num": 38, "val/aAcc": 0.7134999999999999, "val/mIoU": 0.4457, "val/mAcc": 0.5728, "val/IoU.background": NaN, "val/IoU.wall": 0.6043000030517578, "val/IoU.floor": 0.37139999389648437, "val/IoU.column": 0.10729999542236328, "val/IoU.opening": 0.6662999725341797, "val/IoU.facade/deco": 0.47889999389648436, "val/Acc.background": NaN, "val/Acc.wall": 0.798499984741211, "val/Acc.floor": 0.5356000137329101, "val/Acc.column": 0.12760000228881835, "val/Acc.opening": 0.7727999877929688, "val/Acc.facade/deco": 0.6293000030517578, "_wandb": {"runtime": 23034}}