{"train/decode.loss_ce": 0.5162114750667913, "train/decode.loss_dice": 0.8244916859841505, "train/decode.acc_seg": 80.76704275371223, "train/loss": 1.3407031652943189, "learning_rate": 0.001, "momentum": 0.9, "epoch": 300, "_timestamp": 1656810607, "_runtime": 22332, "_step": 45301, "val/eval_iter_num": 38, "val/aAcc": 0.7907, "val/mIoU": 0.5796, "val/mAcc": 0.6905, "val/IoU.background": NaN, "val/IoU.wall": 0.6815000152587891, "val/IoU.floor": 0.5191999816894531, "val/IoU.column": 0.35439998626708985, "val/IoU.opening": 0.7662999725341797, "val/IoU.facade/deco": 0.5763999938964843, "val/Acc.background": NaN, "val/Acc.wall": 0.87, "val/Acc.floor": 0.5736000061035156, "val/Acc.column": 0.4647000122070313, "val/Acc.opening": 0.8611000061035157, "val/Acc.facade/deco": 0.6831999969482422, "_wandb": {"runtime": 22333}}