{"train/decode.loss_ce": 0.6433062320513441, "train/decode.loss_dice": 0.688971659106924, "train/decode.acc_seg": 78.62204969797703, "train/aux.loss_ce": 0.2579336635126973, "train/aux.loss_dice": 0.37314914423503626, "train/aux.acc_seg": 77.2713076105181, "train/loss": 1.9633606968336548, "learning_rate": 0.001, "momentum": 0.9, "epoch": 300, "_timestamp": 1656234637, "_runtime": 26866, "_step": 45301, "val/eval_iter_num": 76, "val/aAcc": 0.6825, "val/mIoU": 0.4069, "val/mAcc": 0.5535, "val/IoU.background": 0.0, "val/IoU.wall": 0.5481000137329102, "val/IoU.floor": 0.40650001525878904, "val/IoU.column": 0.20049999237060548, "val/IoU.opening": 0.7473999786376954, "val/IoU.facade/deco": 0.5386000061035157, "val/Acc.background": 0.0, "val/Acc.wall": 0.7888999938964844, "val/Acc.floor": 0.47400001525878904, "val/Acc.column": 0.5084999847412109, "val/Acc.opening": 0.834800033569336, "val/Acc.facade/deco": 0.7145999908447266, "_wandb": {"runtime": 26867}}