{"train/decode.loss_ce": 0.5792120209592857, "train/decode.loss_dice": 0.644365339583119, "train/decode.acc_seg": 80.22398535621087, "train/loss": 1.223577356496394, "learning_rate": 0.01, "momentum": 0.9, "epoch": 300, "_timestamp": 1656461379, "_runtime": 17092, "_step": 45301, "val/eval_iter_num": 38, "val/aAcc": 0.7093, "val/mIoU": 0.4681, "val/mAcc": 0.6265, "val/IoU.background": 0.0, "val/IoU.wall": 0.5695000076293946, "val/IoU.floor": 0.6138999938964844, "val/IoU.column": 0.3120000076293945, "val/IoU.opening": 0.7447000122070313, "val/IoU.facade/deco": 0.5684999847412109, "val/Acc.background": 0.0, "val/Acc.wall": 0.8059999847412109, "val/Acc.floor": 0.7072000122070312, "val/Acc.column": 0.6875, "val/Acc.opening": 0.8233999633789062, "val/Acc.facade/deco": 0.735, "_wandb": {"runtime": 17094}}