{"train/decode.loss_ce": 1.0990062570962749, "train/decode.loss_dice": 1.1554893294318778, "train/decode.acc_seg": 51.77600601071217, "train/aux.loss_ce": 0.4107211564407974, "train/aux.loss_dice": 0.6467670182712743, "train/aux.acc_seg": 47.60095590059875, "train/loss": 3.311983765148726, "learning_rate": 0.1, "momentum": 0.8, "epoch": 228, "_timestamp": 1654860456, "_runtime": 30786, "_step": 34338, "val/aAcc": 0.583, "val/mIoU": 0.22219999999999998, "val/mAcc": 0.3267, "val/IoU.background": 0.0, "val/IoU.wall": 0.49939998626708987, "val/IoU.floor": 0.0, "val/IoU.column": 0.0, "val/IoU.opening": 0.47099998474121096, "val/IoU.facade/deco": 0.3625, "val/Acc.background": 0.0, "val/Acc.wall": 0.7323000335693359, "val/Acc.floor": 0.0, "val/Acc.column": 0.0, "val/Acc.opening": 0.658499984741211, "val/Acc.facade/deco": 0.5691999816894531, "val/decode.loss_ce_val": 1.1434069150372554, "val/decode.loss_dice_val": 1.1286908654790175, "val/decode.acc_seg_val": 61.17327880859375, "val/aux.loss_ce_val": 0.456307905284982, "val/aux.loss_dice_val": 0.6560738290611067, "val/aux.acc_seg_val": 52.548077031185755, "val/loss_val": 3.3844795038825586}