{"train/decode.loss_ce": 1.0474934753597966, "train/decode.loss_dice": 1.0346516749716752, "train/decode.acc_seg": 67.80998382820988, "train/aux.loss_ce": 0.35590843422128665, "train/aux.loss_dice": 0.5570167557687948, "train/aux.acc_seg": 65.64599307483395, "train/loss": 2.9950703248282933, "learning_rate": 0.01, "momentum": 0.9, "epoch": 300, "_timestamp": 1655628446, "_runtime": 25398, "_step": 45301, "val/eval_iter_num": 76, "val/aAcc": 0.6335999999999999, "val/mIoU": 0.3111, "val/mAcc": 0.4347, "val/IoU.background": 0.0, "val/IoU.wall": 0.5052999877929687, "val/IoU.floor": 0.23399999618530273, "val/IoU.column": 0.0, "val/IoU.opening": 0.6698999786376953, "val/IoU.facade/deco": 0.457599983215332, "val/Acc.background": 0.0, "val/Acc.wall": 0.7356999969482422, "val/Acc.floor": 0.3745000076293945, "val/Acc.column": 0.0, "val/Acc.opening": 0.825, "val/Acc.facade/deco": 0.6730000305175782, "_wandb": {"runtime": 25400}}