{"train/decode.loss_ce": 0.5648888313020302, "train/decode.loss_dice": 0.6235823386552318, "train/decode.acc_seg": 81.2666821764005, "train/loss": 1.1884711663059842, "learning_rate": 0.1, "momentum": 0.9, "epoch": 300, "_timestamp": 1656193449, "_runtime": 23796, "_step": 45301, "val/eval_iter_num": 76, "val/aAcc": 0.7323000000000001, "val/mIoU": 0.4586, "val/mAcc": 0.5596, "val/IoU.background": 0.0, "val/IoU.wall": 0.6097000122070313, "val/IoU.floor": 0.5038999938964843, "val/IoU.column": 0.28530000686645507, "val/IoU.opening": 0.7773999786376953, "val/IoU.facade/deco": 0.5754000091552735, "val/Acc.background": 0.0, "val/Acc.wall": 0.8836000061035156, "val/Acc.floor": 0.5761999893188476, "val/Acc.column": 0.33430000305175783, "val/Acc.opening": 0.8581999969482422, "val/Acc.facade/deco": 0.7054000091552735, "_wandb": {"runtime": 23795}}