{"train/decode.loss_ce": 0.7585490428848772, "train/decode.loss_dice": 0.8962933701395199, "train/decode.acc_seg": 76.79720096714449, "train/loss": 1.654842420919052, "learning_rate": 0.01, "momentum": 0.9, "epoch": 300, "_timestamp": 1657263570, "_runtime": 14643, "_step": 45301, "val/eval_iter_num": 38, "val/aAcc": 0.7669, "val/mIoU": 0.5162, "val/mAcc": 0.6503, "val/IoU.background": 0.5038000106811523, "val/IoU.wall": 0.6341999816894531, "val/IoU.floor": 0.5997000122070313, "val/IoU.column": 0.0, "val/IoU.opening": 0.7726999664306641, "val/IoU.facade/deco": 0.5870999908447265, "val/Acc.background": 0.7470999908447266, "val/Acc.wall": 0.7795999908447265, "val/Acc.floor": 0.7520999908447266, "val/Acc.column": 0.0, "val/Acc.opening": 0.8931999969482421, "val/Acc.facade/deco": 0.73, "_wandb": {"runtime": 14645}}