{"train/decode.loss_ce": 0.534548941728295, "train/decode.loss_dice": 0.846864307755666, "train/decode.acc_seg": 79.80324498864988, "train/loss": 1.381413250964209, "learning_rate": 0.001, "momentum": 0.9, "epoch": 300, "_timestamp": 1656444251, "_runtime": 18238, "_step": 45301, "val/eval_iter_num": 38, "val/aAcc": 0.7204, "val/mIoU": 0.4481, "val/mAcc": 0.5814, "val/IoU.background": 0.0, "val/IoU.wall": 0.6313999938964844, "val/IoU.floor": 0.5768000030517578, "val/IoU.column": 0.141899995803833, "val/IoU.opening": 0.7645999908447265, "val/IoU.facade/deco": 0.5740999984741211, "val/Acc.background": 0.0, "val/Acc.wall": 0.8494999694824219, "val/Acc.floor": 0.6354000091552734, "val/Acc.column": 0.4159999847412109, "val/Acc.opening": 0.8520999908447265, "val/Acc.facade/deco": 0.7351999664306641, "_wandb": {"runtime": 18240}}