{"train/decode.loss_ce": 0.8052241717348035, "train/decode.loss_dice": 0.8604571923909597, "train/decode.acc_seg": 74.5520584914858, "train/aux.loss_ce": 0.2994641823484408, "train/aux.loss_dice": 0.5155147592358241, "train/aux.acc_seg": 71.44323864362097, "train/loss": 2.4806603043284636, "learning_rate": 0.01, "momentum": 0.9, "epoch": 300, "_timestamp": 1656504629, "_runtime": 24913, "_step": 45301, "val/eval_iter_num": 38, "val/aAcc": 0.6796, "val/mIoU": 0.3699, "val/mAcc": 0.4903, "val/IoU.background": 0.0, "val/IoU.wall": 0.5447000122070312, "val/IoU.floor": 0.41889999389648436, "val/IoU.column": 0.0, "val/IoU.opening": 0.7262000274658204, "val/IoU.facade/deco": 0.5293999862670898, "val/Acc.background": 0.0, "val/Acc.wall": 0.7908999633789062, "val/Acc.floor": 0.5238000106811523, "val/Acc.column": 0.0, "val/Acc.opening": 0.8973999786376953, "val/Acc.facade/deco": 0.73, "_wandb": {"runtime": 24914}}