{"train/decode.loss_ce": 0.6488432477641579, "train/decode.loss_dice": 0.9520408534845769, "train/decode.acc_seg": 76.77744558473296, "train/aux.loss_ce": 0.25582143763043236, "train/aux.loss_dice": 0.47386328264182764, "train/aux.acc_seg": 75.63028279992918, "train/loss": 2.3305688314879967, "learning_rate": 0.001, "momentum": 0.9, "epoch": 300, "_timestamp": 1656577343, "_runtime": 23887, "_step": 45301, "val/eval_iter_num": 38, "val/aAcc": 0.6799, "val/mIoU": 0.4147, "val/mAcc": 0.5767, "val/IoU.background": 0.0, "val/IoU.wall": 0.5741999816894531, "val/IoU.floor": 0.5002000045776367, "val/IoU.column": 0.17879999160766602, "val/IoU.opening": 0.7141000366210938, "val/IoU.facade/deco": 0.5208000183105469, "val/Acc.background": 0.0, "val/Acc.wall": 0.8306999969482421, "val/Acc.floor": 0.6902999877929688, "val/Acc.column": 0.48889999389648436, "val/Acc.opening": 0.7919999694824219, "val/Acc.facade/deco": 0.6583000183105469, "_wandb": {"runtime": 23888}}