{"train/decode.loss_ce": 0.6917001476745732, "train/decode.loss_dice": 1.137337150952674, "train/decode.acc_seg": 74.37338709041772, "train/aux.loss_ce": 0.2863376165265279, "train/aux.loss_dice": 0.49616780620537054, "train/aux.acc_seg": 73.05589211066038, "train/loss": 2.6115427033001226, "learning_rate": 0.001, "momentum": 0.9, "epoch": 300, "_timestamp": 1655832638, "_runtime": 18157, "_step": 45301, "val/eval_iter_num": 76, "val/aAcc": 0.6323, "val/mIoU": 0.34380000000000005, "val/mAcc": 0.5486, "val/IoU.background": 0.0, "val/IoU.wall": 0.5518000030517578, "val/IoU.floor": 0.2755999946594238, "val/IoU.column": 0.11430000305175782, "val/IoU.opening": 0.6426999664306641, "val/IoU.facade/deco": 0.4784999847412109, "val/Acc.background": 0.0, "val/Acc.wall": 0.7669999694824219, "val/Acc.floor": 0.8293000030517578, "val/Acc.column": 0.40049999237060546, "val/Acc.opening": 0.6901999664306641, "val/Acc.facade/deco": 0.6045000076293945, "_wandb": {"runtime": 18159}}