{"train/decode.loss_ce": 0.9244561791419983, "train/decode.loss_dice": 1.3610056638717651, "train/decode.acc_seg": 64.54667663574219, "train/aux.loss_ce": 0.4249580502510071, "train/aux.loss_dice": 0.685545802116394, "train/aux.acc_seg": 59.990501403808594, "train/loss": 3.395965576171875, "learning_rate": 0.001, "momentum": 0.9, "epoch": 132, "_timestamp": 1656756022, "_runtime": 14218, "_step": 19892, "val/aAcc": 0.6609999999999999, "val/mIoU": 0.4023, "val/mAcc": 0.5663, "val/IoU.background": 0.24059999465942383, "val/IoU.wall": 0.5381000137329102, "val/IoU.floor": 0.3413999938964844, "val/IoU.column": 0.19440000534057617, "val/IoU.opening": 0.6143000030517578, "val/IoU.facade/deco": 0.48470001220703124, "val/Acc.background": 0.367400016784668, "val/Acc.wall": 0.7291999816894531, "val/Acc.floor": 0.7541000366210937, "val/Acc.column": 0.24760000228881837, "val/Acc.opening": 0.6663999938964844, "val/Acc.facade/deco": 0.6329000091552734, "val/decode.loss_ce_val": 1.2689053651533628, "val/decode.loss_dice_val": 1.4868990120134855, "val/decode.acc_seg_val": 68.31567824514289, "val/aux.loss_ce_val": 0.31914748329865306, "val/aux.loss_dice_val": 0.6217004499937359, "val/aux.acc_seg_val": 69.58914586117393, "val/loss_val": 3.6966523245761267}