{"train/decode.loss_ce": 1.6435481309890747, "train/decode.loss_dice": 2.353522300720215, "train/decode.acc_seg": 39.52531051635742, "train/aux.loss_ce": 0.6520658731460571, "train/aux.loss_dice": 0.9528988003730774, "train/aux.acc_seg": 42.063453674316406, "train/loss": 5.602035045623779, "learning_rate": 0.001, "momentum": 0.9, "epoch": 2, "_timestamp": 1656741970, "_runtime": 166, "_step": 270, "val/aAcc": 0.3876, "val/mIoU": 0.08710000000000001, "val/mAcc": 0.17550000000000002, "val/IoU.background": 0.004000000059604645, "val/IoU.wall": 0.38630001068115233, "val/IoU.floor": 9.999999776482581e-05, "val/IoU.column": 0.0, "val/IoU.opening": 0.06639999866485596, "val/IoU.facade/deco": 0.06559999942779542, "val/Acc.background": 0.0040999999642372135, "val/Acc.wall": 0.8881999969482421, "val/Acc.floor": 9.999999776482581e-05, "val/Acc.column": 0.0, "val/Acc.opening": 0.08060000419616699, "val/Acc.facade/deco": 0.08010000228881836, "val/decode.loss_ce_val": 2.073225209587499, "val/decode.loss_dice_val": 2.302690204821135, "val/decode.acc_seg_val": 39.69107396979081, "val/aux.loss_ce_val": 0.6316413220606352, "val/aux.loss_dice_val": 0.9346004379423041, "val/aux.acc_seg_val": 39.5037159166838, "val/loss_val": 5.9421571179440145}