{"train/decode.loss_ce": 0.565421140154466, "train/decode.loss_dice": 0.8814693302508222, "train/decode.acc_seg": 79.29280648642029, "train/loss": 1.4468904741552493, "learning_rate": 0.001, "momentum": 0.9, "epoch": 300, "_timestamp": 1655890551, "_runtime": 24203, "_step": 45301, "val/eval_iter_num": 76, "val/aAcc": 0.7118000000000001, "val/mIoU": 0.41409999999999997, "val/mAcc": 0.5485, "val/IoU.background": 0.0, "val/IoU.wall": 0.6295000076293945, "val/IoU.floor": 0.4659000015258789, "val/IoU.column": 0.10550000190734864, "val/IoU.opening": 0.7418000030517579, "val/IoU.facade/deco": 0.5420999908447266, "val/Acc.background": 0.0, "val/Acc.wall": 0.8672000122070312, "val/Acc.floor": 0.5447000122070312, "val/Acc.column": 0.37599998474121094, "val/Acc.opening": 0.8356999969482422, "val/Acc.facade/deco": 0.6676000213623047, "_wandb": {"runtime": 24202}}