{"train/decode.loss_ce": 0.36342909932136536, "train/decode.loss_dice": 0.36512476205825806, "train/decode.acc_seg": 85.84024810791016, "train/aux.loss_ce": 0.14719241857528687, "train/aux.loss_dice": 0.21735796332359314, "train/aux.acc_seg": 85.72681427001953, "train/loss": 1.0931042432785034, "learning_rate": 0.001, "momentum": 0.9, "epoch": 544, "_timestamp": 1658029047, "_runtime": 78740, "_step": 82099, "val/aAcc": 0.7892, "val/mIoU": 0.5516, "val/mAcc": 0.6602, "val/IoU.background": NaN, "val/IoU.wall": 0.7044999694824219, "val/IoU.floor": 0.5413000106811523, "val/IoU.column": 0.21639999389648437, "val/IoU.opening": 0.7388999938964844, "val/IoU.facade/deco": 0.5570999908447266, "val/Acc.background": NaN, "val/Acc.wall": 0.879000015258789, "val/Acc.floor": 0.6229000091552734, "val/Acc.column": 0.2847999954223633, "val/Acc.opening": 0.8186000061035156, "val/Acc.facade/deco": 0.6955999755859374, "val/decode.loss_ce_val": 0.6157247424125671, "val/decode.loss_dice_val": 0.6825919449329376, "val/decode.acc_seg_val": 80.03455051622893, "val/aux.loss_ce_val": 0.22084708002052808, "val/aux.loss_dice_val": 0.3334153043596368, "val/aux.acc_seg_val": 80.80372900711863, "val/loss_val": 1.8525790540795577}