{"train/decode.loss_ce": 1.4313842058181763, "train/decode.loss_dice": 1.8333759307861328, "train/decode.acc_seg": 41.63212585449219, "train/aux.loss_ce": 0.5864521861076355, "train/aux.loss_dice": 0.7308988571166992, "train/aux.acc_seg": 48.191566467285156, "train/loss": 4.582111358642578, "learning_rate": 0.001, "momentum": 0.9, "epoch": 1, "_timestamp": 1657950413, "_runtime": 106, "_step": 151}