{"train/decode.loss_ce": 1.2458082520409135, "train/decode.loss_dice": 1.7532812270107647, "train/decode.acc_seg": 48.76590584761259, "train/aux.loss_ce": 0.5063967886350013, "train/aux.loss_dice": 0.7049892082909085, "train/aux.acc_seg": 47.56213791954596, "train/loss": 4.210475470056597, "learning_rate": 0.001, "momentum": 0.9, "epoch": 8, "_timestamp": 1656131318, "_runtime": 487, "_step": 1209, "val/eval_iter_num": 76, "val/aAcc": 0.48469999999999996, "val/mIoU": 0.16469999999999999, "val/mAcc": 0.2655, "val/IoU.background": 0.0, "val/IoU.wall": 0.4490999984741211, "val/IoU.floor": 0.0010000000149011613, "val/IoU.column": 0.0, "val/IoU.opening": 0.2670999908447266, "val/IoU.facade/deco": 0.27100000381469724, "val/Acc.background": 0.0, "val/Acc.wall": 0.7762999725341797, "val/Acc.floor": 0.0010000000149011613, "val/Acc.column": 0.0, "val/Acc.opening": 0.37189998626708987, "val/Acc.facade/deco": 0.4438000106811523}