{"train/decode.loss_ce": 0.5159889066850902, "train/decode.loss_dice": 0.5922506250293049, "train/decode.acc_seg": 81.7724802636153, "train/loss": 1.1082395338854254, "learning_rate": 0.01, "momentum": 0.9, "epoch": 300, "_timestamp": 1656091518, "_runtime": 23894, "_step": 45301, "val/eval_iter_num": 76, "val/aAcc": 0.7283, "val/mIoU": 0.4707, "val/mAcc": 0.6021, "val/IoU.background": 0.0, "val/IoU.wall": 0.5963000106811523, "val/IoU.floor": 0.5511999893188476, "val/IoU.column": 0.322599983215332, "val/IoU.opening": 0.7719000244140625, "val/IoU.facade/deco": 0.5822999954223633, "val/Acc.background": 0.0, "val/Acc.wall": 0.8452999877929688, "val/Acc.floor": 0.6483000183105468, "val/Acc.column": 0.532400016784668, "val/Acc.opening": 0.859800033569336, "val/Acc.facade/deco": 0.7269000244140625, "_wandb": {"runtime": 23895}}