{"train/decode.loss_ce": 0.7491606645631474, "train/decode.loss_dice": 0.7733533978462219, "train/decode.acc_seg": 76.372603688019, "train/aux.loss_ce": 0.26382600442068466, "train/aux.loss_dice": 0.4774629528948803, "train/aux.acc_seg": 75.13225583209108, "train/loss": 2.263803009165833, "learning_rate": 0.01, "momentum": 0.9, "epoch": 300, "_timestamp": 1656181867, "_runtime": 25269, "_step": 45301, "val/eval_iter_num": 76, "val/aAcc": 0.6954, "val/mIoU": 0.3667, "val/mAcc": 0.46240000000000003, "val/IoU.background": 0.0, "val/IoU.wall": 0.5688000106811524, "val/IoU.floor": 0.33099998474121095, "val/IoU.column": 0.0, "val/IoU.opening": 0.7576999664306641, "val/IoU.facade/deco": 0.5427999877929688, "val/Acc.background": 0.0, "val/Acc.wall": 0.8491000366210938, "val/Acc.floor": 0.35069999694824217, "val/Acc.column": 0.0, "val/Acc.opening": 0.8404000091552735, "val/Acc.facade/deco": 0.7341999816894531, "_wandb": {"runtime": 25270}}