{"train/decode.loss_ce": 0.8882566323343491, "train/decode.loss_dice": 1.3988235241529958, "train/decode.acc_seg": 66.12316667165187, "train/loss": 2.2870801505663536, "learning_rate": 0.0001, "momentum": 0.9, "epoch": 300, "_timestamp": 1657227146, "_runtime": 22506, "_step": 45301, "val/eval_iter_num": 38, "val/aAcc": 0.6798000000000001, "val/mIoU": 0.3856, "val/mAcc": 0.5246, "val/IoU.background": NaN, "val/IoU.wall": 0.5608000183105468, "val/IoU.floor": 0.2752000045776367, "val/IoU.column": 0.0014000000059604645, "val/IoU.opening": 0.6186999893188476, "val/IoU.facade/deco": 0.4715999984741211, "val/Acc.background": NaN, "val/Acc.wall": 0.7472000122070312, "val/Acc.floor": 0.49599998474121093, "val/Acc.column": 0.0014000000059604645, "val/Acc.opening": 0.7466999816894532, "val/Acc.facade/deco": 0.6318000030517578, "_wandb": {"runtime": 22506}}