{"train/decode.loss_ce": 1.2038049484720292, "train/decode.loss_dice": 1.2339321520944304, "train/decode.acc_seg": 45.35025047150669, "train/aux.loss_ce": 0.4557049952398073, "train/aux.loss_dice": 0.7015772177683597, "train/aux.acc_seg": 37.27834375015158, "train/loss": 3.5950193105154478, "learning_rate": 0.1, "momentum": 0.8, "epoch": 300, "_timestamp": 1655200023, "_runtime": 19577, "_step": 45302, "val/aAcc": 0.2425, "val/mIoU": 0.0404, "val/mAcc": 0.16670000000000001, "val/IoU.background": 0.0, "val/IoU.wall": 0.0, "val/IoU.floor": 0.0, "val/IoU.column": 0.0, "val/IoU.opening": 0.0, "val/IoU.facade/deco": 0.2425, "val/Acc.background": 0.0, "val/Acc.wall": 0.0, "val/Acc.floor": 0.0, "val/Acc.column": 0.0, "val/Acc.opening": 0.0, "val/Acc.facade/deco": 1.0, "val/decode.loss_ce_val": 620.1345544112356, "val/decode.loss_dice_val": 1.7589647738557113, "val/decode.acc_seg_val": 25.75136827167712, "val/aux.loss_ce_val": 0.49626485611263077, "val/aux.loss_dice_val": 0.6968688776618556, "val/aux.acc_seg_val": 45.489277839660645, "val/loss_val": 623.0866530568976, "_wandb": {"runtime": 19579}}