{"train/decode.loss_ce": 0.8837954425653874, "train/decode.loss_dice": 1.3952542878934089, "train/decode.acc_seg": 66.45538193658487, "train/loss": 2.279049733616658, "learning_rate": 0.0001, "momentum": 0.9, "epoch": 300, "_timestamp": 1657987140, "_runtime": 37464, "_step": 45301, "val/eval_iter_num": 38, "val/aAcc": 0.6855, "val/mIoU": 0.3884, "val/mAcc": 0.5225, "val/IoU.background": NaN, "val/IoU.wall": 0.5643000030517578, "val/IoU.floor": 0.26530000686645505, "val/IoU.column": 0.0, "val/IoU.opening": 0.6293999862670898, "val/IoU.facade/deco": 0.4829000091552734, "val/Acc.background": NaN, "val/Acc.wall": 0.7475, "val/Acc.floor": 0.4545999908447266, "val/Acc.column": 0.0, "val/Acc.opening": 0.7577999877929688, "val/Acc.facade/deco": 0.6526000213623047, "_wandb": {"runtime": 37465}}