{"train/decode.loss_ce": 1.4132101685795564, "train/decode.loss_dice": 1.8548373883923157, "train/decode.acc_seg": 42.57505601289257, "train/loss": 3.2680475427614932, "learning_rate": 0.0001, "momentum": 0.9, "epoch": 7, "_timestamp": 1657950331, "_runtime": 655, "_step": 1058, "val/eval_iter_num": 38, "val/aAcc": 0.39380000000000004, "val/mIoU": 0.113, "val/mAcc": 0.2095, "val/IoU.background": NaN, "val/IoU.wall": 0.38150001525878907, "val/IoU.floor": 0.0009000000357627869, "val/IoU.column": 0.0, "val/IoU.opening": 0.07159999847412109, "val/IoU.facade/deco": 0.11119999885559081, "val/Acc.background": NaN, "val/Acc.wall": 0.8094999694824219, "val/Acc.floor": 0.0009000000357627869, "val/Acc.column": 0.0, "val/Acc.opening": 0.08609999656677246, "val/Acc.facade/deco": 0.15109999656677245}