{"train/decode.loss_ce": 1.0186376526261007, "train/decode.loss_dice": 1.0629827569652077, "train/decode.acc_seg": 67.9900671598927, "train/aux.loss_ce": 0.39217410488239185, "train/aux.loss_dice": 0.590866233931472, "train/aux.acc_seg": 61.89060689913516, "train/loss": 3.0646607362671405, "learning_rate": 0.1, "momentum": 0.9, "epoch": 198, "_timestamp": 1655887885, "_runtime": 16885, "_step": 29899, "val/eval_iter_num": 76, "val/aAcc": 0.6531999999999999, "val/mIoU": 0.3, "val/mAcc": 0.4072, "val/IoU.background": 0.0, "val/IoU.wall": 0.5413000106811523, "val/IoU.floor": 0.15489999771118165, "val/IoU.column": 0.0, "val/IoU.opening": 0.6306000137329102, "val/IoU.facade/deco": 0.4734999847412109, "val/Acc.background": 0.0, "val/Acc.wall": 0.7705000305175781, "val/Acc.floor": 0.17020000457763673, "val/Acc.column": 0.0, "val/Acc.opening": 0.8063999938964844, "val/Acc.facade/deco": 0.6962000274658203}