{"train/decode.loss_ce": 0.5245767831802368, "train/decode.loss_dice": 0.5252936482429504, "train/decode.acc_seg": 81.29479217529297, "train/loss": 1.049870491027832, "learning_rate": 0.01, "momentum": 0.9, "epoch": 627, "_timestamp": 1656741967, "_runtime": 52908, "_step": 94679, "val/aAcc": 0.7273000000000001, "val/mIoU": 0.507, "val/mAcc": 0.6548999999999999, "val/IoU.background": 0.0, "val/IoU.wall": 0.5877000045776367, "val/IoU.floor": 0.6315999984741211, "val/IoU.column": 0.4520000076293945, "val/IoU.opening": 0.7748000335693359, "val/IoU.facade/deco": 0.5956999969482422, "val/Acc.background": 0.0, "val/Acc.wall": 0.8316000366210937, "val/Acc.floor": 0.8051000213623047, "val/Acc.column": 0.6695999908447265, "val/Acc.opening": 0.8745999908447266, "val/Acc.facade/deco": 0.7481999969482422, "val/decode.loss_ce_val": 0.5302868814844834, "val/decode.loss_dice_val": 0.6260253598815516, "val/decode.acc_seg_val": 80.8708082500257, "val/loss_val": 1.1563122366604053}