{"train/decode.loss_ce": 0.28492429852485657, "train/decode.loss_dice": 0.5451076030731201, "train/decode.acc_seg": 89.72626495361328, "train/loss": 0.8300318717956543, "learning_rate": 0.01, "momentum": 0.9, "epoch": 767, "_timestamp": 1656756019, "_runtime": 66960, "_step": 115774, "val/aAcc": 0.731, "val/mIoU": 0.4971, "val/mAcc": 0.619, "val/IoU.background": 0.0, "val/IoU.wall": 0.5897000122070313, "val/IoU.floor": 0.6281999969482421, "val/IoU.column": 0.4075, "val/IoU.opening": 0.7662999725341797, "val/IoU.facade/deco": 0.5908000183105468, "val/Acc.background": 0.0, "val/Acc.wall": 0.8537999725341797, "val/Acc.floor": 0.740999984741211, "val/Acc.column": 0.5136000061035156, "val/Acc.opening": 0.9026000213623047, "val/Acc.facade/deco": 0.7031999969482422, "val/decode.loss_ce_val": 0.4879088872357419, "val/decode.loss_dice_val": 0.5020845453990134, "val/decode.acc_seg_val": 82.71636280260589, "val/loss_val": 0.9899934357718417}