{"train/decode.loss_ce": 0.27431485056877136, "train/decode.loss_dice": 0.24856294691562653, "train/decode.acc_seg": 88.0323715209961, "train/loss": 0.5228778123855591, "learning_rate": 0.01, "momentum": 0.9, "epoch": 884, "_timestamp": 1656767729, "_runtime": 78670, "_step": 133475, "val/aAcc": 0.7451000000000001, "val/mIoU": 0.5039, "val/mAcc": 0.6134000000000001, "val/IoU.background": 0.0, "val/IoU.wall": 0.5963000106811523, "val/IoU.floor": 0.6345000076293945, "val/IoU.column": 0.3427000045776367, "val/IoU.opening": 0.7961000061035156, "val/IoU.facade/deco": 0.6536000061035157, "val/Acc.background": 0.0, "val/Acc.wall": 0.8555000305175782, "val/Acc.floor": 0.724800033569336, "val/Acc.column": 0.40549999237060547, "val/Acc.opening": 0.9125, "val/Acc.facade/deco": 0.782300033569336, "val/decode.loss_ce_val": 0.5508205843599219, "val/decode.loss_dice_val": 0.5740516562210886, "val/decode.acc_seg_val": 82.88550125925164, "val/loss_val": 1.1248722405810105}