{"train/decode.loss_ce": 0.8189327007295281, "train/decode.loss_dice": 0.9662178354152781, "train/decode.acc_seg": 74.76162689411088, "train/loss": 1.7851505291382999, "learning_rate": 0.001, "momentum": 0.9, "epoch": 300, "_timestamp": 1657204609, "_runtime": 18220, "_step": 45301, "val/eval_iter_num": 38, "val/aAcc": 0.7454999999999999, "val/mIoU": 0.53, "val/mAcc": 0.6694, "val/IoU.background": 0.4193000030517578, "val/IoU.wall": 0.6061999893188477, "val/IoU.floor": 0.5711999893188476, "val/IoU.column": 0.2694000053405762, "val/IoU.opening": 0.7561000061035156, "val/IoU.facade/deco": 0.557599983215332, "val/Acc.background": 0.6579000091552735, "val/Acc.wall": 0.7405999755859375, "val/Acc.floor": 0.6508999633789062, "val/Acc.column": 0.3515999984741211, "val/Acc.opening": 0.8556999969482422, "val/Acc.facade/deco": 0.7597000122070312, "_wandb": {"runtime": 18222}}