{"train/decode.loss_ce": 0.8830051416198149, "train/decode.loss_dice": 0.9153937302677837, "train/decode.acc_seg": 61.66184072936608, "train/aux.loss_ce": 0.32660206644148226, "train/aux.loss_dice": 0.5457492897052638, "train/aux.acc_seg": 56.14579487478496, "train/loss": 2.6707502335112614, "learning_rate": 0.01, "momentum": 0.9, "epoch": 300, "_timestamp": 1654722891, "_runtime": 40103, "_step": 45302, "val/aAcc": 0.6720999999999999, "val/mIoU": 0.309, "val/mAcc": 0.4125, "val/IoU.background": 0.0, "val/IoU.wall": 0.5761999893188476, "val/IoU.floor": 0.20290000915527343, "val/IoU.column": 0.0, "val/IoU.opening": 0.6345000076293945, "val/IoU.facade/deco": 0.44060001373291013, "val/Acc.background": 0.0, "val/Acc.wall": 0.7791000366210937, "val/Acc.floor": 0.27329999923706055, "val/Acc.column": 0.0, "val/Acc.opening": 0.7783000183105468, "val/Acc.facade/deco": 0.6443000030517578, "val/decode.loss_ce_val": 1.121625719886077, "val/decode.loss_dice_val": 1.0661996446157758, "val/decode.acc_seg_val": 67.81823589927272, "val/aux.loss_ce_val": 0.3341565763479785, "val/aux.loss_dice_val": 0.5471116022059792, "val/aux.acc_seg_val": 66.82402490314685, "val/loss_val": 3.069093544232218, "_wandb": {"runtime": 40105}}