{"train/decode.loss_ce": 0.7549459545422863, "train/decode.loss_dice": 0.7857792635035041, "train/decode.acc_seg": 76.38184914999451, "train/aux.loss_ce": 0.33114728183541076, "train/aux.loss_dice": 0.410430630212588, "train/aux.acc_seg": 72.3282922151073, "train/loss": 2.282303126837244, "learning_rate": 0.1, "momentum": 0.9, "epoch": 300, "_timestamp": 1655870967, "_runtime": 19671, "_step": 45301, "val/eval_iter_num": 76, "val/aAcc": 0.6931, "val/mIoU": 0.384, "val/mAcc": 0.4902, "val/IoU.background": 0.0, "val/IoU.wall": 0.5604999923706054, "val/IoU.floor": 0.4652000045776367, "val/IoU.column": 0.0, "val/IoU.opening": 0.7266999816894532, "val/IoU.facade/deco": 0.5513999938964844, "val/Acc.background": 0.0, "val/Acc.wall": 0.81, "val/Acc.floor": 0.5461000061035156, "val/Acc.column": 0.0, "val/Acc.opening": 0.7780000305175782, "val/Acc.facade/deco": 0.8070999908447266, "_wandb": {"runtime": 19676}}