{"train/decode.loss_ce": 0.7709800938502053, "train/decode.loss_dice": 1.6361891204947667, "train/decode.acc_seg": 71.22344692811271, "train/loss": 2.4071692125686748, "learning_rate": 0.001, "momentum": 0.9, "epoch": 300, "_timestamp": 1657882723, "_runtime": 21254, "_step": 45301, "val/eval_iter_num": 38, "val/aAcc": 0.7284999999999999, "val/mIoU": 0.48840000000000006, "val/mAcc": 0.6165999999999999, "val/IoU.background": 0.34599998474121096, "val/IoU.wall": 0.6018000030517578, "val/IoU.floor": 0.5127999877929688, "val/IoU.column": 0.21309999465942384, "val/IoU.opening": 0.7373999786376954, "val/IoU.facade/deco": 0.5195999908447265, "val/Acc.background": 0.4347999954223633, "val/Acc.wall": 0.7676000213623047, "val/Acc.floor": 0.675, "val/Acc.column": 0.2603000068664551, "val/Acc.opening": 0.8430000305175781, "val/Acc.facade/deco": 0.7191000366210938, "_wandb": {"runtime": 21255}}