{"train/decode.loss_ce": 0.5482395388037953, "train/decode.loss_dice": 0.8401275563318997, "train/decode.acc_seg": 80.05906798507993, "train/aux.loss_ce": 0.2295299961866922, "train/aux.loss_dice": 0.4403311028977893, "train/aux.acc_seg": 78.52357141861063, "train/loss": 2.058228197476722, "learning_rate": 0.001, "momentum": 0.9, "epoch": 300, "_timestamp": 1657216384, "_runtime": 18116, "_step": 45301, "val/eval_iter_num": 38, "val/aAcc": 0.7812, "val/mIoU": 0.5567, "val/mAcc": 0.6873999999999999, "val/IoU.background": NaN, "val/IoU.wall": 0.6666000366210938, "val/IoU.floor": 0.4622000122070313, "val/IoU.column": 0.29600000381469727, "val/IoU.opening": 0.7668000030517578, "val/IoU.facade/deco": 0.5918000030517578, "val/Acc.background": NaN, "val/Acc.wall": 0.8316000366210937, "val/Acc.floor": 0.49770000457763675, "val/Acc.column": 0.5288999938964843, "val/Acc.opening": 0.8306999969482421, "val/Acc.facade/deco": 0.7480999755859375, "_wandb": {"runtime": 18118}}