{"train/decode.loss_ce": 0.5271250723016183, "train/decode.loss_dice": 0.5885075011000728, "train/decode.acc_seg": 81.42671430979344, "train/loss": 1.1156325721188096, "learning_rate": 0.01, "momentum": 0.9, "epoch": 300, "_timestamp": 1656425983, "_runtime": 18355, "_step": 45301, "val/eval_iter_num": 38, "val/aAcc": 0.715, "val/mIoU": 0.4631, "val/mAcc": 0.6096, "val/IoU.background": 0.0, "val/IoU.wall": 0.5793000030517578, "val/IoU.floor": 0.5288000106811523, "val/IoU.column": 0.32459999084472657, "val/IoU.opening": 0.7593000030517578, "val/IoU.facade/deco": 0.5863999938964843, "val/Acc.background": 0.0, "val/Acc.wall": 0.8202999877929688, "val/Acc.floor": 0.5988000106811523, "val/Acc.column": 0.6455000305175781, "val/Acc.opening": 0.8130000305175781, "val/Acc.facade/deco": 0.78, "_wandb": {"runtime": 18356}}