{"train/decode.loss_ce": 0.9107764296184312, "train/decode.loss_dice": 1.0681454045883079, "train/decode.acc_seg": 69.56790871020185, "train/loss": 1.9789218381540665, "learning_rate": 0.01, "momentum": 0.9, "epoch": 13, "_timestamp": 1656408367, "_runtime": 739, "_step": 1964, "val/eval_iter_num": 38, "val/aAcc": 0.6385000000000001, "val/mIoU": 0.337, "val/mAcc": 0.4509, "val/IoU.background": 0.0, "val/IoU.wall": 0.5109999847412109, "val/IoU.floor": 0.36540000915527343, "val/IoU.column": 0.0, "val/IoU.opening": 0.6633000183105469, "val/IoU.facade/deco": 0.4822999954223633, "val/Acc.background": 0.0, "val/Acc.wall": 0.8587999725341797, "val/Acc.floor": 0.4754999923706055, "val/Acc.column": 0.0, "val/Acc.opening": 0.7594999694824218, "val/Acc.facade/deco": 0.6118000030517579}