{"train/decode.loss_ce": 1.071486981499274, "train/decode.loss_dice": 1.0667651935128977, "train/decode.acc_seg": 66.18997523326748, "train/aux.loss_ce": 0.42530454537331663, "train/aux.loss_dice": 0.6315248578984216, "train/aux.acc_seg": 58.47265425423123, "train/loss": 3.1950815734484337, "learning_rate": 0.1, "momentum": 0.9, "epoch": 300, "_timestamp": 1656905487, "_runtime": 27003, "_step": 45301, "val/eval_iter_num": 38, "val/aAcc": 0.6539, "val/mIoU": 0.34450000000000003, "val/mAcc": 0.47659999999999997, "val/IoU.background": NaN, "val/IoU.wall": 0.544000015258789, "val/IoU.floor": 0.18069999694824218, "val/IoU.column": 0.0, "val/IoU.opening": 0.5416999816894531, "val/IoU.facade/deco": 0.4563999938964844, "val/Acc.background": NaN, "val/Acc.wall": 0.6831999969482422, "val/Acc.floor": 0.2640999984741211, "val/Acc.column": 0.0, "val/Acc.opening": 0.7819999694824219, "val/Acc.facade/deco": 0.653499984741211, "_wandb": {"runtime": 27003}}