{"train/decode.loss_ce": 0.941796282071941, "train/decode.loss_dice": 1.102388233538495, "train/decode.acc_seg": 68.33471315901801, "train/loss": 2.0441845102815437, "learning_rate": 0.1, "momentum": 0.9, "epoch": 14, "_timestamp": 1655585108, "_runtime": 885, "_step": 2115, "val/eval_iter_num": 76, "val/aAcc": 0.6444, "val/mIoU": 0.3267, "val/mAcc": 0.4522, "val/IoU.background": 0.0, "val/IoU.wall": 0.5329999923706055, "val/IoU.floor": 0.31209999084472656, "val/IoU.column": 0.0, "val/IoU.opening": 0.6868000030517578, "val/IoU.facade/deco": 0.4281000137329102, "val/Acc.background": 0.0, "val/Acc.wall": 0.8420999908447265, "val/Acc.floor": 0.5218000030517578, "val/Acc.column": 0.0, "val/Acc.opening": 0.8251999664306641, "val/Acc.facade/deco": 0.5238999938964843}