{"train/decode.loss_ce": 0.7172889564408372, "train/decode.loss_dice": 0.7227063910258527, "train/decode.acc_seg": 77.32677788134443, "train/loss": 1.439995346479858, "learning_rate": 0.1, "momentum": 0.9, "epoch": 300, "_timestamp": 1655602931, "_runtime": 18708, "_step": 45301, "val/eval_iter_num": 76, "val/aAcc": 0.664, "val/mIoU": 0.3317, "val/mAcc": 0.4437, "val/IoU.background": 0.0, "val/IoU.wall": 0.5568999862670898, "val/IoU.floor": 0.32310001373291014, "val/IoU.column": 0.0, "val/IoU.opening": 0.6129999923706054, "val/IoU.facade/deco": 0.4972999954223633, "val/Acc.background": 0.0, "val/Acc.wall": 0.8108999633789062, "val/Acc.floor": 0.37729999542236325, "val/Acc.column": 0.0, "val/Acc.opening": 0.8075, "val/Acc.facade/deco": 0.6663999938964844, "_wandb": {"runtime": 18710}}