{"train/decode.loss_ce": 0.5846209591192915, "train/decode.loss_dice": 0.650081164986882, "train/decode.acc_seg": 80.03911676470018, "train/loss": 1.2347021246982726, "learning_rate": 0.1, "momentum": 0.9, "epoch": 300, "_timestamp": 1656127405, "_runtime": 16529, "_step": 45301, "val/eval_iter_num": 76, "val/aAcc": 0.7237, "val/mIoU": 0.4192, "val/mAcc": 0.5273, "val/IoU.background": 0.0, "val/IoU.wall": 0.5818000030517578, "val/IoU.floor": 0.5383000183105469, "val/IoU.column": 0.014600000381469726, "val/IoU.opening": 0.7830000305175782, "val/IoU.facade/deco": 0.5972999954223632, "val/Acc.background": 0.0, "val/Acc.wall": 0.8158999633789062, "val/Acc.floor": 0.6541999816894531, "val/Acc.column": 0.014700000286102294, "val/Acc.opening": 0.8848999786376953, "val/Acc.facade/deco": 0.794000015258789, "_wandb": {"runtime": 16530}}