{"train/decode.loss_ce": 0.8644700295088307, "train/decode.loss_dice": 1.3880489811992014, "train/decode.acc_seg": 67.50056679833014, "train/aux.loss_ce": 0.3650488565299685, "train/aux.loss_dice": 0.5713610664898197, "train/aux.acc_seg": 65.4562056585653, "train/loss": 3.188928921491105, "learning_rate": 0.0001, "momentum": 0.9, "epoch": 300, "_timestamp": 1655787555, "_runtime": 18559, "_step": 45301, "val/eval_iter_num": 76, "val/aAcc": 0.6322, "val/mIoU": 0.3131, "val/mAcc": 0.44049999999999995, "val/IoU.background": 0.0, "val/IoU.wall": 0.5102000045776367, "val/IoU.floor": 0.2745999908447266, "val/IoU.column": 0.0, "val/IoU.opening": 0.6238999938964844, "val/IoU.facade/deco": 0.4697000122070312, "val/Acc.background": 0.0, "val/Acc.wall": 0.7698999786376953, "val/Acc.floor": 0.47779998779296873, "val/Acc.column": 0.0, "val/Acc.opening": 0.7293000030517578, "val/Acc.facade/deco": 0.6655999755859375, "_wandb": {"runtime": 18560}}