{"train/decode.loss_ce": 0.7564701038283228, "train/decode.loss_dice": 0.8783978188274711, "train/decode.acc_seg": 76.66123727457413, "train/loss": 1.6348679270965374, "learning_rate": 0.01, "momentum": 0.9, "epoch": 300, "_timestamp": 1656788248, "_runtime": 18959, "_step": 45301, "val/eval_iter_num": 38, "val/aAcc": 0.7661, "val/mIoU": 0.5206000000000001, "val/mAcc": 0.6253, "val/IoU.background": 0.42200000762939455, "val/IoU.wall": 0.6477999877929688, "val/IoU.floor": 0.5586000061035157, "val/IoU.column": 0.14699999809265138, "val/IoU.opening": 0.7808999633789062, "val/IoU.facade/deco": 0.5670999908447265, "val/Acc.background": 0.4911999893188477, "val/Acc.wall": 0.8077999877929688, "val/Acc.floor": 0.6318999862670899, "val/Acc.column": 0.14920000076293946, "val/Acc.opening": 0.8875, "val/Acc.facade/deco": 0.7843000030517578, "_wandb": {"runtime": 18961}}