{"train/decode.loss_ce": 0.8773918280143611, "train/decode.loss_dice": 1.1918260494604807, "train/decode.acc_seg": 73.43246571117679, "train/loss": 2.069217883987932, "learning_rate": 0.01, "momentum": 0.9, "epoch": 86, "_timestamp": 1656774502, "_runtime": 5213, "_step": 12987, "val/eval_iter_num": 38, "val/aAcc": 0.7533, "val/mIoU": 0.47240000000000004, "val/mAcc": 0.5756, "val/IoU.background": 0.47869998931884766, "val/IoU.wall": 0.6336000061035156, "val/IoU.floor": 0.42150001525878905, "val/IoU.column": 0.0, "val/IoU.opening": 0.7454000091552735, "val/IoU.facade/deco": 0.555099983215332, "val/Acc.background": 0.6068999862670899, "val/Acc.wall": 0.8336000061035156, "val/Acc.floor": 0.4406999969482422, "val/Acc.column": 0.0, "val/Acc.opening": 0.8604000091552735, "val/Acc.facade/deco": 0.7119999694824218}