{"train/decode.loss_ce": 1.1587513387203217, "train/decode.loss_dice": 1.7697957698872546, "train/decode.acc_seg": 38.54123792585158, "train/aux.loss_ce": 0.4831065838502732, "train/aux.loss_dice": 0.7231064951972456, "train/aux.acc_seg": 38.89376186850845, "train/loss": 4.134760209266713, "learning_rate": 0.0001, "momentum": 0.8, "epoch": 82, "_timestamp": 1655237901, "_runtime": 4847, "_step": 12383, "val/eval_iter_num": 76, "val/aAcc": 0.4536, "val/mIoU": 0.1273, "val/mAcc": 0.20739999999999997, "val/IoU.background": 0.0, "val/IoU.wall": 0.4427000045776367, "val/IoU.floor": 0.0, "val/IoU.column": 0.0, "val/IoU.opening": 0.1768000030517578, "val/IoU.facade/deco": 0.1443000030517578, "val/Acc.background": 0.0, "val/Acc.wall": 0.7791000366210937, "val/Acc.floor": 0.0, "val/Acc.column": 0.0, "val/Acc.opening": 0.24850000381469728, "val/Acc.facade/deco": 0.21670000076293947}