{"train/decode.loss_ce": 0.9579439113866415, "train/decode.loss_dice": 1.5159588041684486, "train/decode.acc_seg": 50.892248861047605, "train/aux.loss_ce": 0.39189024180765974, "train/aux.loss_dice": 0.6286161316941116, "train/aux.acc_seg": 48.40733216140444, "train/loss": 3.4944090701096893, "learning_rate": 0.0001, "momentum": 0.8, "epoch": 300, "_timestamp": 1655250766, "_runtime": 17712, "_step": 45301, "val/eval_iter_num": 76, "val/aAcc": 0.5513, "val/mIoU": 0.2045, "val/mAcc": 0.3056, "val/IoU.background": 0.0, "val/IoU.wall": 0.45490001678466796, "val/IoU.floor": 0.0010000000149011613, "val/IoU.column": 0.0, "val/IoU.opening": 0.41459999084472654, "val/IoU.facade/deco": 0.35650001525878905, "val/Acc.background": 0.0, "val/Acc.wall": 0.6780000305175782, "val/Acc.floor": 0.0010000000149011613, "val/Acc.column": 0.0, "val/Acc.opening": 0.5520000076293945, "val/Acc.facade/deco": 0.6022999954223632, "_wandb": {"runtime": 17714}}