{"train/decode.loss_ce": 1.1901412170059633, "train/decode.loss_dice": 1.7995312584946488, "train/decode.acc_seg": 36.30193812010304, "train/aux.loss_ce": 0.5140496569852165, "train/aux.loss_dice": 0.7411076039667951, "train/aux.acc_seg": 37.2861101074724, "train/loss": 4.2448297383769455, "learning_rate": 0.0001, "momentum": 0.8, "epoch": 51, "_timestamp": 1655236063, "_runtime": 3009, "_step": 7702, "val/eval_iter_num": 76, "val/aAcc": 0.4156, "val/mIoU": 0.1008, "val/mAcc": 0.1815, "val/IoU.background": 0.0, "val/IoU.wall": 0.41459999084472654, "val/IoU.floor": 0.0, "val/IoU.column": 0.0, "val/IoU.opening": 0.08319999694824219, "val/IoU.facade/deco": 0.10699999809265137, "val/Acc.background": 0.0, "val/Acc.wall": 0.8333999633789062, "val/Acc.floor": 0.0, "val/Acc.column": 0.0, "val/Acc.opening": 0.10170000076293945, "val/Acc.facade/deco": 0.15380000114440917}