{"train/decode.loss_ce": 0.6892438481580343, "train/decode.loss_dice": 1.1362049634882947, "train/decode.acc_seg": 74.52245944698915, "train/aux.loss_ce": 0.28644389604890585, "train/aux.loss_dice": 0.49680098161002656, "train/aux.acc_seg": 73.15033977079075, "train/loss": 2.608693672331753, "learning_rate": 0.001, "momentum": 0.9, "epoch": 300, "_timestamp": 1656303419, "_runtime": 17864, "_step": 45301, "val/eval_iter_num": 76, "val/aAcc": 0.6570999999999999, "val/mIoU": 0.36, "val/mAcc": 0.5429999999999999, "val/IoU.background": 0.0, "val/IoU.wall": 0.5704000091552734, "val/IoU.floor": 0.30940000534057616, "val/IoU.column": 0.10829999923706055, "val/IoU.opening": 0.6687999725341797, "val/IoU.facade/deco": 0.5033000183105468, "val/Acc.background": 0.0, "val/Acc.wall": 0.7936000061035157, "val/Acc.floor": 0.734800033569336, "val/Acc.column": 0.3425, "val/Acc.opening": 0.7576999664306641, "val/Acc.facade/deco": 0.6293999862670898, "_wandb": {"runtime": 17865}}