{"train/decode.loss_ce": 0.6922901996121501, "train/decode.loss_dice": 0.8358656241996398, "train/decode.acc_seg": 77.65557512700163, "train/loss": 1.5281558279564837, "learning_rate": 0.1, "momentum": 0.9, "epoch": 300, "_timestamp": 1657168034, "_runtime": 16513, "_step": 45301, "val/eval_iter_num": 38, "val/aAcc": 0.7746, "val/mIoU": 0.5468, "val/mAcc": 0.6564, "val/IoU.background": 0.5256000137329102, "val/IoU.wall": 0.655, "val/IoU.floor": 0.5413999938964844, "val/IoU.column": 0.20790000915527343, "val/IoU.opening": 0.7741000366210937, "val/IoU.facade/deco": 0.5770000076293945, "val/Acc.background": 0.6497000122070312, "val/Acc.wall": 0.8123999786376953, "val/Acc.floor": 0.6018999862670898, "val/Acc.column": 0.2206999969482422, "val/Acc.opening": 0.893499984741211, "val/Acc.facade/deco": 0.7605000305175781, "_wandb": {"runtime": 16514}}