{"train/decode.loss_ce": 0.7165643322152018, "train/decode.loss_dice": 1.3652246803637371, "train/decode.acc_seg": 73.99582684750588, "train/aux.loss_ce": 0.305536479152591, "train/aux.loss_dice": 0.6540110863202455, "train/aux.acc_seg": 71.66862159375323, "train/loss": 3.0413365774596763, "learning_rate": 0.001, "momentum": 0.9, "epoch": 300, "_timestamp": 1657124524, "_runtime": 17721, "_step": 45301, "val/eval_iter_num": 38, "val/aAcc": 0.7545000000000001, "val/mIoU": 0.5289, "val/mAcc": 0.6645, "val/IoU.background": 0.45099998474121095, "val/IoU.wall": 0.6309999847412109, "val/IoU.floor": 0.3609999847412109, "val/IoU.column": 0.4154999923706055, "val/IoU.opening": 0.7537000274658203, "val/IoU.facade/deco": 0.5609999847412109, "val/Acc.background": 0.6370999908447266, "val/Acc.wall": 0.7976000213623047, "val/Acc.floor": 0.380099983215332, "val/Acc.column": 0.6025, "val/Acc.opening": 0.834800033569336, "val/Acc.facade/deco": 0.7351000213623047, "_wandb": {"runtime": 17723}}