{"train/decode.loss_ce": 0.8681782641947664, "train/decode.loss_dice": 1.3890787647259946, "train/decode.acc_seg": 67.43992162540259, "train/aux.loss_ce": 0.36442377936366377, "train/aux.loss_dice": 0.5697616354519168, "train/aux.acc_seg": 65.58681856875388, "train/loss": 3.1914424438350246, "learning_rate": 0.0001, "momentum": 0.9, "epoch": 300, "_timestamp": 1656285510, "_runtime": 18277, "_step": 45301, "val/eval_iter_num": 76, "val/aAcc": 0.6246, "val/mIoU": 0.30510000000000004, "val/mAcc": 0.42060000000000003, "val/IoU.background": 0.0, "val/IoU.wall": 0.505099983215332, "val/IoU.floor": 0.2665999984741211, "val/IoU.column": 0.0, "val/IoU.opening": 0.6186000061035156, "val/IoU.facade/deco": 0.4402000045776367, "val/Acc.background": 0.0, "val/Acc.wall": 0.783499984741211, "val/Acc.floor": 0.3852000045776367, "val/Acc.column": 0.0, "val/Acc.opening": 0.725, "val/Acc.facade/deco": 0.629900016784668, "_wandb": {"runtime": 18278}}