{"train/decode.loss_ce": 0.48308342774182755, "train/decode.loss_dice": 0.5442118317086175, "train/decode.acc_seg": 83.11799060745744, "train/loss": 1.027295255108385, "learning_rate": 0.01, "momentum": 0.9, "epoch": 300, "_timestamp": 1655627162, "_runtime": 24117, "_step": 45301, "val/eval_iter_num": 76, "val/aAcc": 0.7409, "val/mIoU": 0.4899, "val/mAcc": 0.607, "val/IoU.background": 0.0, "val/IoU.wall": 0.6118000030517579, "val/IoU.floor": 0.5709000015258789, "val/IoU.column": 0.37040000915527344, "val/IoU.opening": 0.7904000091552734, "val/IoU.facade/deco": 0.5961000061035157, "val/Acc.background": 0.0, "val/Acc.wall": 0.8761000061035156, "val/Acc.floor": 0.6568000030517578, "val/Acc.column": 0.5231999969482422, "val/Acc.opening": 0.8688999938964844, "val/Acc.facade/deco": 0.7172000122070312, "_wandb": {"runtime": 24119}}