{"train/decode.loss_ce": 1.0301435118084712, "train/decode.loss_dice": 1.0810143485764006, "train/decode.acc_seg": 55.147073455204236, "train/aux.loss_ce": 0.4473495635370545, "train/aux.loss_dice": 0.5354745362373378, "train/aux.acc_seg": 45.84938938570338, "train/loss": 3.0939819710144145, "learning_rate": 0.1, "momentum": 0.9, "epoch": 246, "_timestamp": 1655271378, "_runtime": 20583, "_step": 37147, "val/eval_iter_num": 76, "val/aAcc": 0.5935, "val/mIoU": 0.2323, "val/mAcc": 0.34909999999999997, "val/IoU.background": 0.0, "val/IoU.wall": 0.4990999984741211, "val/IoU.floor": 0.013400000333786011, "val/IoU.column": 0.0, "val/IoU.opening": 0.48220001220703124, "val/IoU.facade/deco": 0.39930000305175783, "val/Acc.background": 0.0, "val/Acc.wall": 0.6397999954223633, "val/Acc.floor": 0.015399999618530273, "val/Acc.column": 0.0, "val/Acc.opening": 0.8138999938964844, "val/Acc.facade/deco": 0.6254000091552734}