{"train/decode.loss_ce": 0.618857094981023, "train/decode.loss_dice": 0.9242276020397414, "train/decode.acc_seg": 77.69267065793473, "train/aux.loss_ce": 0.2516852558053882, "train/aux.loss_dice": 0.46705981496943544, "train/aux.acc_seg": 76.3170779146106, "train/loss": 2.2618297638482607, "learning_rate": 0.001, "momentum": 0.9, "epoch": 300, "_timestamp": 1655851270, "_runtime": 18589, "_step": 45301, "val/eval_iter_num": 76, "val/aAcc": 0.6964, "val/mIoU": 0.40840000000000004, "val/mAcc": 0.5586, "val/IoU.background": 0.0, "val/IoU.wall": 0.5940999984741211, "val/IoU.floor": 0.41639999389648436, "val/IoU.column": 0.20350000381469727, "val/IoU.opening": 0.6930000305175781, "val/IoU.facade/deco": 0.5431999969482422, "val/Acc.background": 0.0, "val/Acc.wall": 0.8462000274658203, "val/Acc.floor": 0.4518999862670898, "val/Acc.column": 0.5388999938964844, "val/Acc.opening": 0.8401000213623047, "val/Acc.facade/deco": 0.6745999908447265, "_wandb": {"runtime": 18591}}