{"train/decode.loss_ce": 0.5145962645873329, "train/decode.loss_dice": 0.5879741604162367, "train/decode.acc_seg": 82.08046980093647, "train/loss": 1.1025704194773112, "learning_rate": 0.001, "momentum": 0.9, "epoch": 300, "_timestamp": 1655700616, "_runtime": 24861, "_step": 45301, "val/eval_iter_num": 76, "val/aAcc": 0.7277, "val/mIoU": 0.4673, "val/mAcc": 0.5826, "val/IoU.background": 0.0, "val/IoU.wall": 0.6029000091552734, "val/IoU.floor": 0.5486999893188477, "val/IoU.column": 0.32490001678466796, "val/IoU.opening": 0.7731999969482422, "val/IoU.facade/deco": 0.5543999862670899, "val/Acc.background": 0.0, "val/Acc.wall": 0.8863999938964844, "val/Acc.floor": 0.670199966430664, "val/Acc.column": 0.42529998779296874, "val/Acc.opening": 0.8672000122070312, "val/Acc.facade/deco": 0.6463999938964844, "_wandb": {"runtime": 24865}}