{"train/decode.loss_ce": 0.6801352723939529, "train/decode.loss_dice": 0.8590698658630548, "train/decode.acc_seg": 78.07249978678117, "train/loss": 1.53920512996762, "learning_rate": 0.1, "momentum": 0.9, "epoch": 300, "_timestamp": 1656943568, "_runtime": 30692, "_step": 45301, "val/eval_iter_num": 38, "val/aAcc": 0.7712, "val/mIoU": 0.5108, "val/mAcc": 0.6053999999999999, "val/IoU.background": 0.5393000030517578, "val/IoU.wall": 0.6401000213623047, "val/IoU.floor": 0.5077000045776368, "val/IoU.column": 0.0, "val/IoU.opening": 0.7943000030517579, "val/IoU.facade/deco": 0.5836999893188477, "val/Acc.background": 0.5629000091552734, "val/Acc.wall": 0.8158000183105468, "val/Acc.floor": 0.5618000030517578, "val/Acc.column": 0.0, "val/Acc.opening": 0.8905000305175781, "val/Acc.facade/deco": 0.8015000152587891, "_wandb": {"runtime": 30695}}