{"train/decode.loss_ce": 0.5886102379947309, "train/decode.loss_dice": 0.6372544719091314, "train/decode.acc_seg": 80.30463068374735, "train/loss": 1.2258647153314375, "learning_rate": 0.1, "momentum": 0.9, "epoch": 300, "_timestamp": 1656144819, "_runtime": 17376, "_step": 45301, "val/eval_iter_num": 76, "val/aAcc": 0.7216, "val/mIoU": 0.4089, "val/mAcc": 0.5279, "val/IoU.background": 0.0, "val/IoU.wall": 0.5893999862670899, "val/IoU.floor": 0.5008000183105469, "val/IoU.column": 0.0, "val/IoU.opening": 0.7691999816894531, "val/IoU.facade/deco": 0.5940999984741211, "val/Acc.background": 0.0, "val/Acc.wall": 0.8408999633789063, "val/Acc.floor": 0.7116000366210937, "val/Acc.column": 0.0, "val/Acc.opening": 0.8613999938964844, "val/Acc.facade/deco": 0.7531999969482421, "_wandb": {"runtime": 17368}}