{"train/decode.loss_ce": 1.0193033427592144, "train/decode.loss_dice": 1.8714550733566284, "train/decode.acc_seg": 62.389763383675884, "train/loss": 2.8907584165105757, "learning_rate": 0.0001, "momentum": 0.9, "epoch": 300, "_timestamp": 1657089898, "_runtime": 23905, "_step": 45301, "val/eval_iter_num": 38, "val/aAcc": 0.6294, "val/mIoU": 0.3328, "val/mAcc": 0.46950000000000003, "val/IoU.background": 0.23600000381469727, "val/IoU.wall": 0.5018999862670899, "val/IoU.floor": 0.21809999465942384, "val/IoU.column": 0.0, "val/IoU.opening": 0.6045999908447266, "val/IoU.facade/deco": 0.4361999893188477, "val/Acc.background": 0.42790000915527343, "val/Acc.wall": 0.7001999664306641, "val/Acc.floor": 0.36369998931884767, "val/Acc.column": 0.0, "val/Acc.opening": 0.7263999938964844, "val/Acc.facade/deco": 0.5990000152587891, "_wandb": {"runtime": 23904}}