{"train/decode.loss_ce": 1.0483781314448806, "train/decode.loss_dice": 1.0402936619638607, "train/decode.acc_seg": 68.38533404015547, "train/aux.loss_ce": 0.37806444175985476, "train/aux.loss_dice": 0.5818462334326561, "train/aux.acc_seg": 63.551812405617824, "train/loss": 3.0485824662328556, "learning_rate": 0.01, "momentum": 0.9, "epoch": 300, "_timestamp": 1655814121, "_runtime": 26533, "_step": 45301, "val/eval_iter_num": 76, "val/aAcc": 0.6478, "val/mIoU": 0.2807, "val/mAcc": 0.3864, "val/IoU.background": 0.0, "val/IoU.wall": 0.5361999893188476, "val/IoU.floor": 0.003799999952316284, "val/IoU.column": 0.0, "val/IoU.opening": 0.6629000091552735, "val/IoU.facade/deco": 0.48139999389648436, "val/Acc.background": 0.0, "val/Acc.wall": 0.8063999938964844, "val/Acc.floor": 0.0038999998569488525, "val/Acc.column": 0.0, "val/Acc.opening": 0.8119999694824219, "val/Acc.facade/deco": 0.6961000061035156, "_wandb": {"runtime": 26534}}