{"train/decode.loss_ce": 0.6232497363493142, "train/decode.loss_dice": 0.7142468783634388, "train/decode.acc_seg": 78.56451779801324, "train/aux.loss_ce": 0.2770476819367598, "train/aux.loss_dice": 0.4051206304340173, "train/aux.acc_seg": 76.26396002358948, "train/loss": 2.0196649270341887, "learning_rate": 0.01, "momentum": 0.9, "epoch": 300, "_timestamp": 1655768964, "_runtime": 19002, "_step": 45301, "val/eval_iter_num": 76, "val/aAcc": 0.6927, "val/mIoU": 0.4122, "val/mAcc": 0.5528, "val/IoU.background": 0.0, "val/IoU.wall": 0.5561000061035156, "val/IoU.floor": 0.38610000610351564, "val/IoU.column": 0.21670000076293947, "val/IoU.opening": 0.7573999786376953, "val/IoU.facade/deco": 0.5570999908447266, "val/Acc.background": 0.0, "val/Acc.wall": 0.8011000061035156, "val/Acc.floor": 0.41310001373291017, "val/Acc.column": 0.5129999923706055, "val/Acc.opening": 0.8331999969482422, "val/Acc.facade/deco": 0.7559999847412109, "_wandb": {"runtime": 19006}}