{"train/decode.loss_ce": 1.2049872654163285, "train/decode.loss_dice": 1.7140611765400464, "train/decode.acc_seg": 51.21922826451181, "train/aux.loss_ce": 0.48972877189023606, "train/aux.loss_dice": 0.6882321281938364, "train/aux.acc_seg": 50.38317137206627, "train/loss": 4.097009331974762, "learning_rate": 0.001, "momentum": 0.9, "epoch": 4, "_timestamp": 1656767721, "_runtime": 231, "_step": 605, "val/eval_iter_num": 38, "val/aAcc": 0.5382, "val/mIoU": 0.22510000000000002, "val/mAcc": 0.337, "val/IoU.background": NaN, "val/IoU.wall": 0.4570999908447266, "val/IoU.floor": 0.0007000000029802323, "val/IoU.column": 0.0, "val/IoU.opening": 0.344900016784668, "val/IoU.facade/deco": 0.32290000915527345, "val/Acc.background": NaN, "val/Acc.wall": 0.694800033569336, "val/Acc.floor": 0.0007000000029802323, "val/Acc.column": 0.0, "val/Acc.opening": 0.4291999816894531, "val/Acc.facade/deco": 0.5604999923706054}