{"train/decode.loss_ce": 0.5524645773385535, "train/decode.loss_dice": 0.845658325596361, "train/decode.acc_seg": 79.90799756081688, "train/aux.loss_ce": 0.23010602741446717, "train/aux.loss_dice": 0.4418725416755045, "train/aux.acc_seg": 78.31417333842903, "train/loss": 2.070101462452617, "learning_rate": 0.001, "momentum": 0.9, "epoch": 300, "_timestamp": 1656785841, "_runtime": 18351, "_step": 45301, "val/eval_iter_num": 38, "val/aAcc": 0.7935, "val/mIoU": 0.5848, "val/mAcc": 0.7159, "val/IoU.background": NaN, "val/IoU.wall": 0.6845999908447266, "val/IoU.floor": 0.49970001220703125, "val/IoU.column": 0.3711999893188477, "val/IoU.opening": 0.7688999938964843, "val/IoU.facade/deco": 0.5997000122070313, "val/Acc.background": NaN, "val/Acc.wall": 0.8469999694824218, "val/Acc.floor": 0.5358000183105469, "val/Acc.column": 0.6154999923706055, "val/Acc.opening": 0.8287999725341797, "val/Acc.facade/deco": 0.7523999786376954, "_wandb": {"runtime": 18353}}