{"train/decode.loss_ce": 0.7459942514927972, "train/decode.loss_dice": 1.1211506333572185, "train/decode.acc_seg": 73.26699455210705, "train/aux.loss_ce": 0.29890051395293105, "train/aux.loss_dice": 0.5016135938514937, "train/aux.acc_seg": 71.93267160377755, "train/loss": 2.6676589937399555, "learning_rate": 0.001, "momentum": 0.9, "epoch": 117, "_timestamp": 1656774503, "_runtime": 7013, "_step": 17668, "val/eval_iter_num": 38, "val/aAcc": 0.763, "val/mIoU": 0.5249, "val/mAcc": 0.6606000000000001, "val/IoU.background": NaN, "val/IoU.wall": 0.6555000305175781, "val/IoU.floor": 0.4229999923706055, "val/IoU.column": 0.2527000045776367, "val/IoU.opening": 0.7290000152587891, "val/IoU.facade/deco": 0.5645000076293946, "val/Acc.background": NaN, "val/Acc.wall": 0.816500015258789, "val/Acc.floor": 0.6487999725341796, "val/Acc.column": 0.31079999923706053, "val/Acc.opening": 0.7993000030517579, "val/Acc.facade/deco": 0.727699966430664}