{"train/decode.loss_ce": 0.6694404277580464, "train/decode.loss_dice": 0.9783771409104202, "train/decode.acc_seg": 75.90006197998855, "train/loss": 1.6478175690631993, "learning_rate": 0.001, "momentum": 0.9, "epoch": 300, "_timestamp": 1658027591, "_runtime": 40401, "_step": 45301, "val/eval_iter_num": 38, "val/aAcc": 0.7575, "val/mIoU": 0.5354, "val/mAcc": 0.6775, "val/IoU.background": NaN, "val/IoU.wall": 0.6537999725341797, "val/IoU.floor": 0.48189998626708985, "val/IoU.column": 0.2915999984741211, "val/IoU.opening": 0.7041999816894531, "val/IoU.facade/deco": 0.5454999923706054, "val/Acc.background": NaN, "val/Acc.wall": 0.8222000122070312, "val/Acc.floor": 0.5697000122070313, "val/Acc.column": 0.5147000122070312, "val/Acc.opening": 0.7726000213623047, "val/Acc.facade/deco": 0.7083000183105469, "_wandb": {"runtime": 40401}}