{"train/decode.loss_ce": 0.4864780149909834, "train/decode.loss_dice": 0.542681611235568, "train/decode.acc_seg": 83.14340503010528, "train/loss": 1.0291596234634222, "learning_rate": 0.01, "momentum": 0.9, "epoch": 300, "_timestamp": 1656503731, "_runtime": 24294, "_step": 45301, "val/eval_iter_num": 38, "val/aAcc": 0.7395999999999999, "val/mIoU": 0.4949, "val/mAcc": 0.635, "val/IoU.background": 0.0, "val/IoU.wall": 0.6009000015258789, "val/IoU.floor": 0.5838000106811524, "val/IoU.column": 0.38490001678466795, "val/IoU.opening": 0.7873999786376953, "val/IoU.facade/deco": 0.6124000167846679, "val/Acc.background": 0.0, "val/Acc.wall": 0.8201000213623046, "val/Acc.floor": 0.674000015258789, "val/Acc.column": 0.6576000213623047, "val/Acc.opening": 0.8688999938964844, "val/Acc.facade/deco": 0.7894999694824218, "_wandb": {"runtime": 24296}}