{"train/decode.loss_ce": 0.8382767805990005, "train/decode.loss_dice": 1.1926572855734667, "train/decode.acc_seg": 73.0970543362447, "train/aux.loss_ce": 0.37435728844427907, "train/aux.loss_dice": 0.594245529924797, "train/aux.acc_seg": 68.62415796242013, "train/loss": 2.9995368900678017, "learning_rate": 0.1, "momentum": 0.9, "epoch": 300, "_timestamp": 1657143182, "_runtime": 18628, "_step": 45301, "val/eval_iter_num": 38, "val/aAcc": 0.7701, "val/mIoU": 0.5118, "val/mAcc": 0.6134000000000001, "val/IoU.background": 0.564900016784668, "val/IoU.wall": 0.6375, "val/IoU.floor": 0.5079000091552734, "val/IoU.column": 0.0, "val/IoU.opening": 0.7698000335693359, "val/IoU.facade/deco": 0.590900001525879, "val/Acc.background": 0.683499984741211, "val/Acc.wall": 0.8233000183105469, "val/Acc.floor": 0.5552999877929687, "val/Acc.column": 0.0, "val/Acc.opening": 0.847699966430664, "val/Acc.facade/deco": 0.7706999969482422, "_wandb": {"runtime": 18630}}