{"train/decode.loss_ce": 0.7371087569669382, "train/decode.loss_dice": 1.0937152181240106, "train/decode.acc_seg": 75.22988815812874, "train/aux.loss_ce": 0.30716202995240294, "train/aux.loss_dice": 0.5596156220957144, "train/aux.acc_seg": 72.80172686545265, "train/loss": 2.69760162230359, "learning_rate": 0.01, "momentum": 0.9, "epoch": 300, "_timestamp": 1657056452, "_runtime": 27610, "_step": 45301, "val/eval_iter_num": 38, "val/aAcc": 0.7456, "val/mIoU": 0.5313, "val/mAcc": 0.6981, "val/IoU.background": 0.5047000122070312, "val/IoU.wall": 0.634000015258789, "val/IoU.floor": 0.5461000061035156, "val/IoU.column": 0.2068000030517578, "val/IoU.opening": 0.735, "val/IoU.facade/deco": 0.5613999938964844, "val/Acc.background": 0.7202999877929688, "val/Acc.wall": 0.7704000091552734, "val/Acc.floor": 0.6004000091552735, "val/Acc.column": 0.5861000061035156, "val/Acc.opening": 0.8051000213623047, "val/Acc.facade/deco": 0.7062999725341796, "_wandb": {"runtime": 27610}}