{"train/decode.loss_ce": 0.987677381330768, "train/decode.loss_dice": 1.041601010110994, "train/decode.acc_seg": 68.79250621164081, "train/aux.loss_ce": 0.3852881816838751, "train/aux.loss_dice": 0.5808498089676661, "train/aux.acc_seg": 62.71286905048699, "train/loss": 2.995416381501204, "learning_rate": 0.01, "momentum": 0.9, "epoch": 300, "_timestamp": 1655980291, "_runtime": 26781, "_step": 45301, "val/eval_iter_num": 76, "val/aAcc": 0.6542, "val/mIoU": 0.331, "val/mAcc": 0.4501, "val/IoU.background": 0.0, "val/IoU.wall": 0.5316999816894531, "val/IoU.floor": 0.29139999389648436, "val/IoU.column": 0.0, "val/IoU.opening": 0.677300033569336, "val/IoU.facade/deco": 0.4854000091552734, "val/Acc.background": 0.0, "val/Acc.wall": 0.7858999633789062, "val/Acc.floor": 0.429900016784668, "val/Acc.column": 0.0, "val/Acc.opening": 0.7981999969482422, "val/Acc.facade/deco": 0.6863999938964844, "_wandb": {"runtime": 26782}}