{"train/decode.loss_ce": 0.5606096002045057, "train/decode.loss_dice": 0.8692818842581566, "train/decode.acc_seg": 79.70345230607796, "train/aux.loss_ce": 0.2320357353876758, "train/aux.loss_dice": 0.446463383882251, "train/aux.acc_seg": 78.24625199677928, "train/loss": 2.1083906020549747, "learning_rate": 0.001, "momentum": 0.9, "epoch": 300, "_timestamp": 1656322492, "_runtime": 19048, "_step": 45301, "val/eval_iter_num": 76, "val/aAcc": 0.6990000000000001, "val/mIoU": 0.4028, "val/mAcc": 0.5623, "val/IoU.background": 0.0, "val/IoU.wall": 0.6163999938964844, "val/IoU.floor": 0.3666999816894531, "val/IoU.column": 0.1347000026702881, "val/IoU.opening": 0.7366000366210937, "val/IoU.facade/deco": 0.562400016784668, "val/Acc.background": 0.0, "val/Acc.wall": 0.8419000244140625, "val/Acc.floor": 0.3884000015258789, "val/Acc.column": 0.6047000122070313, "val/Acc.opening": 0.8105999755859375, "val/Acc.facade/deco": 0.7280999755859375, "_wandb": {"runtime": 19049}}