{"train/decode.loss_ce": 0.6296520098945163, "train/decode.loss_dice": 0.9573890645772416, "train/decode.acc_seg": 76.62148239438896, "train/loss": 1.5870410780243527, "learning_rate": 0.001, "momentum": 0.9, "epoch": 300, "_timestamp": 1656024554, "_runtime": 17352, "_step": 45301, "val/eval_iter_num": 76, "val/aAcc": 0.7044, "val/mIoU": 0.4189, "val/mAcc": 0.5562, "val/IoU.background": 0.0, "val/IoU.wall": 0.6052000045776367, "val/IoU.floor": 0.48630001068115236, "val/IoU.column": 0.11449999809265136, "val/IoU.opening": 0.7480999755859375, "val/IoU.facade/deco": 0.5590999984741211, "val/Acc.background": 0.0, "val/Acc.wall": 0.8120999908447266, "val/Acc.floor": 0.5675, "val/Acc.column": 0.37810001373291013, "val/Acc.opening": 0.8387999725341797, "val/Acc.facade/deco": 0.7408999633789063, "_wandb": {"runtime": 17354}}