{"train/decode.loss_ce": 0.68935449056278, "train/decode.loss_dice": 1.225716668248966, "train/decode.acc_seg": 74.03950161965477, "train/aux.loss_ce": 0.2950875448272718, "train/aux.loss_dice": 0.5052360108751335, "train/aux.acc_seg": 72.23192869274821, "train/loss": 2.7153947124418045, "learning_rate": 0.0001, "momentum": 0.9, "epoch": 300, "_timestamp": 1655907690, "_runtime": 19694, "_step": 45301, "val/eval_iter_num": 76, "val/aAcc": 0.6696, "val/mIoU": 0.3909, "val/mAcc": 0.5307, "val/IoU.background": 0.0, "val/IoU.wall": 0.5493000030517579, "val/IoU.floor": 0.4625, "val/IoU.column": 0.13739999771118164, "val/IoU.opening": 0.6826999664306641, "val/IoU.facade/deco": 0.513400001525879, "val/Acc.background": 0.0, "val/Acc.wall": 0.8177999877929687, "val/Acc.floor": 0.5904000091552735, "val/Acc.column": 0.3502999877929687, "val/Acc.opening": 0.7458999633789063, "val/Acc.facade/deco": 0.6797000122070312, "_wandb": {"runtime": 19696}}