{"train/decode.loss_ce": 0.5934271428561368, "train/decode.loss_dice": 0.8971917720030476, "train/decode.acc_seg": 78.11122884181951, "train/loss": 1.4906189133789365, "learning_rate": 0.001, "momentum": 0.9, "epoch": 300, "_timestamp": 1657112119, "_runtime": 22198, "_step": 45301, "val/eval_iter_num": 38, "val/aAcc": 0.7759, "val/mIoU": 0.5616, "val/mAcc": 0.6862999999999999, "val/IoU.background": NaN, "val/IoU.wall": 0.664000015258789, "val/IoU.floor": 0.44529998779296875, "val/IoU.column": 0.36029998779296873, "val/IoU.opening": 0.7627999877929688, "val/IoU.facade/deco": 0.5756000137329101, "val/Acc.background": NaN, "val/Acc.wall": 0.7923999786376953, "val/Acc.floor": 0.48150001525878905, "val/Acc.column": 0.5191999816894531, "val/Acc.opening": 0.8447000122070313, "val/Acc.facade/deco": 0.7937000274658204, "_wandb": {"runtime": 22199}}