{"train/decode.loss_ce": 0.709165276478458, "train/decode.loss_dice": 1.2333233470948326, "train/decode.acc_seg": 73.21051500333066, "train/aux.loss_ce": 0.3005019536870994, "train/aux.loss_dice": 0.5068973131132442, "train/aux.acc_seg": 71.70732394591073, "train/loss": 2.749887876952721, "learning_rate": 0.001, "momentum": 0.9, "epoch": 300, "_timestamp": 1655678824, "_runtime": 25214, "_step": 45301, "val/eval_iter_num": 76, "val/aAcc": 0.6712, "val/mIoU": 0.39020000000000005, "val/mAcc": 0.5172, "val/IoU.background": 0.0, "val/IoU.wall": 0.5406999969482422, "val/IoU.floor": 0.4418000030517578, "val/IoU.column": 0.14229999542236327, "val/IoU.opening": 0.6952999877929688, "val/IoU.facade/deco": 0.5209999847412109, "val/Acc.background": 0.0, "val/Acc.wall": 0.8065000152587891, "val/Acc.floor": 0.558499984741211, "val/Acc.column": 0.2705999946594238, "val/Acc.opening": 0.7779000091552735, "val/Acc.facade/deco": 0.6898999786376954, "_wandb": {"runtime": 25216}}