{"train/decode.loss_ce": 0.48832027643721626, "train/decode.loss_dice": 0.5426211541654259, "train/decode.acc_seg": 82.74703373182689, "train/loss": 1.0309414301092261, "learning_rate": 0.001, "momentum": 0.9, "epoch": 300, "_timestamp": 1656526829, "_runtime": 23059, "_step": 45301, "val/eval_iter_num": 38, "val/aAcc": 0.7288, "val/mIoU": 0.4861, "val/mAcc": 0.6132, "val/IoU.background": 0.0, "val/IoU.wall": 0.5916999816894531, "val/IoU.floor": 0.591500015258789, "val/IoU.column": 0.38669998168945313, "val/IoU.opening": 0.7547000122070312, "val/IoU.facade/deco": 0.5922000122070312, "val/Acc.background": 0.0, "val/Acc.wall": 0.8504000091552735, "val/Acc.floor": 0.697699966430664, "val/Acc.column": 0.5752000045776368, "val/Acc.opening": 0.8130999755859375, "val/Acc.facade/deco": 0.7429000091552734, "_wandb": {"runtime": 23058}}