{"train/decode.loss_ce": 0.930328955318754, "train/decode.loss_dice": 1.4500979658783666, "train/decode.acc_seg": 64.45677910103703, "train/loss": 2.380426922381319, "learning_rate": 0.0001, "momentum": 0.9, "epoch": 300, "_timestamp": 1655718222, "_runtime": 17571, "_step": 45301, "val/eval_iter_num": 76, "val/aAcc": 0.61, "val/mIoU": 0.281, "val/mAcc": 0.3971, "val/IoU.background": 0.0, "val/IoU.wall": 0.49200000762939455, "val/IoU.floor": 0.17120000839233399, "val/IoU.column": 0.0, "val/IoU.opening": 0.5925, "val/IoU.facade/deco": 0.43, "val/Acc.background": 0.0, "val/Acc.wall": 0.7451999664306641, "val/Acc.floor": 0.2680999946594238, "val/Acc.column": 0.0, "val/Acc.opening": 0.7508999633789063, "val/Acc.facade/deco": 0.6184999847412109, "_wandb": {"runtime": 17573}}