{"train/decode.loss_ce": 0.5712356975931205, "train/decode.loss_dice": 0.597943654616937, "train/decode.acc_seg": 80.49492599790459, "train/aux.loss_ce": 0.24217179111692289, "train/aux.loss_dice": 0.3540329375606499, "train/aux.acc_seg": 78.5793578040521, "train/loss": 1.7653840709206283, "learning_rate": 0.01, "momentum": 0.9, "epoch": 300, "_timestamp": 1656462009, "_runtime": 17625, "_step": 45301, "val/eval_iter_num": 38, "val/aAcc": 0.7201000000000001, "val/mIoU": 0.4537, "val/mAcc": 0.5567, "val/IoU.background": 0.0, "val/IoU.wall": 0.5768999862670898, "val/IoU.floor": 0.5561999893188476, "val/IoU.column": 0.198799991607666, "val/IoU.opening": 0.7794000244140625, "val/IoU.facade/deco": 0.6111999893188477, "val/Acc.background": 0.0, "val/Acc.wall": 0.8781999969482421, "val/Acc.floor": 0.6270999908447266, "val/Acc.column": 0.245, "val/Acc.opening": 0.8458000183105469, "val/Acc.facade/deco": 0.7441000366210937, "_wandb": {"runtime": 17626}}