{"train/decode.loss_ce": 0.8883205109479412, "train/decode.loss_dice": 0.9188503980241864, "train/decode.acc_seg": 72.190551151503, "train/aux.loss_ce": 0.3573993264839349, "train/aux.loss_dice": 0.5577760435492787, "train/aux.acc_seg": 66.04462526334042, "train/loss": 2.722346275847479, "learning_rate": 0.01, "momentum": 0.9, "epoch": 265, "_timestamp": 1657275650, "_runtime": 15995, "_step": 40016, "val/eval_iter_num": 38, "val/aAcc": 0.7426999999999999, "val/mIoU": 0.4533, "val/mAcc": 0.5720000000000001, "val/IoU.background": NaN, "val/IoU.wall": 0.6286999893188476, "val/IoU.floor": 0.3893000030517578, "val/IoU.column": 0.0, "val/IoU.opening": 0.7122000122070312, "val/IoU.facade/deco": 0.5359999847412109, "val/Acc.background": NaN, "val/Acc.wall": 0.7855000305175781, "val/Acc.floor": 0.5038999938964843, "val/Acc.column": 0.0, "val/Acc.opening": 0.8483000183105469, "val/Acc.facade/deco": 0.7223999786376953}