{"train/decode.loss_ce": 0.7997929104511311, "train/decode.loss_dice": 1.3107755665747536, "train/decode.acc_seg": 69.92573810097397, "train/loss": 2.11056847998638, "learning_rate": 0.0001, "momentum": 0.9, "epoch": 300, "_timestamp": 1655650996, "_runtime": 23808, "_step": 45301, "val/eval_iter_num": 76, "val/aAcc": 0.6514, "val/mIoU": 0.3436, "val/mAcc": 0.46869999999999995, "val/IoU.background": 0.0, "val/IoU.wall": 0.5338999938964843, "val/IoU.floor": 0.3164999961853027, "val/IoU.column": 0.09489999771118164, "val/IoU.opening": 0.655, "val/IoU.facade/deco": 0.4613999938964844, "val/Acc.background": 0.0, "val/Acc.wall": 0.8058999633789062, "val/Acc.floor": 0.5265999984741211, "val/Acc.column": 0.11479999542236329, "val/Acc.opening": 0.7487000274658203, "val/Acc.facade/deco": 0.6163999938964844, "_wandb": {"runtime": 23809}}