{"train/decode.loss_ce": 0.4747745336483646, "train/decode.loss_dice": 0.5356836241010009, "train/decode.acc_seg": 83.20176727092819, "train/loss": 1.0104581573546327, "learning_rate": 0.01, "momentum": 0.9, "epoch": 300, "_timestamp": 1656548815, "_runtime": 21942, "_step": 45301, "val/eval_iter_num": 38, "val/aAcc": 0.7439, "val/mIoU": 0.5092, "val/mAcc": 0.644, "val/IoU.background": 0.0, "val/IoU.wall": 0.6038000106811523, "val/IoU.floor": 0.6208000183105469, "val/IoU.column": 0.42700000762939455, "val/IoU.opening": 0.7919999694824219, "val/IoU.facade/deco": 0.611500015258789, "val/Acc.background": 0.0, "val/Acc.wall": 0.8491000366210938, "val/Acc.floor": 0.7305999755859375, "val/Acc.column": 0.6769999694824219, "val/Acc.opening": 0.861500015258789, "val/Acc.facade/deco": 0.7458999633789063, "_wandb": {"runtime": 21942}}