{"train/decode.loss_ce": 0.9382242799199969, "train/decode.loss_dice": 1.268879981625159, "train/decode.acc_seg": 69.44910736589242, "train/aux.loss_ce": 0.37487115597488074, "train/aux.loss_dice": 0.7156049052611092, "train/aux.acc_seg": 64.50089458440313, "train/loss": 3.297580309261549, "learning_rate": 0.1, "momentum": 0.9, "epoch": 300, "_timestamp": 1656987825, "_runtime": 33876, "_step": 45301, "val/eval_iter_num": 38, "val/aAcc": 0.6876000000000001, "val/mIoU": 0.38270000000000004, "val/mAcc": 0.5096, "val/IoU.background": 0.2, "val/IoU.wall": 0.5608000183105468, "val/IoU.floor": 0.41509998321533204, "val/IoU.column": 0.0, "val/IoU.opening": 0.5934999847412109, "val/IoU.facade/deco": 0.5266999816894531, "val/Acc.background": 0.3209000015258789, "val/Acc.wall": 0.7044999694824219, "val/Acc.floor": 0.47439998626708985, "val/Acc.column": 0.0, "val/Acc.opening": 0.8997000122070312, "val/Acc.facade/deco": 0.6583000183105469, "_wandb": {"runtime": 33877}}