{"train/decode.loss_ce": 0.5759693222330106, "train/decode.loss_dice": 0.6614146550364842, "train/decode.acc_seg": 79.92131353214087, "train/loss": 1.237383975295831, "learning_rate": 0.1, "momentum": 0.9, "epoch": 300, "_timestamp": 1656254164, "_runtime": 17415, "_step": 45301, "val/eval_iter_num": 76, "val/aAcc": 0.7314, "val/mIoU": 0.4507, "val/mAcc": 0.56, "val/IoU.background": 0.0, "val/IoU.wall": 0.5956000137329102, "val/IoU.floor": 0.5479000091552735, "val/IoU.column": 0.18129999160766602, "val/IoU.opening": 0.7748000335693359, "val/IoU.facade/deco": 0.6045999908447266, "val/Acc.background": 0.0, "val/Acc.wall": 0.8338999938964844, "val/Acc.floor": 0.6688999938964844, "val/Acc.column": 0.19399999618530273, "val/Acc.opening": 0.8912999725341797, "val/Acc.facade/deco": 0.7716000366210938, "_wandb": {"runtime": 17416}}