{"train/decode.loss_ce": 0.48936821648616663, "train/decode.loss_dice": 0.7856172490988346, "train/decode.acc_seg": 81.68614611088834, "train/loss": 1.2749854642034366, "learning_rate": 0.001, "momentum": 0.9, "epoch": 300, "_timestamp": 1656570807, "_runtime": 21966, "_step": 45301, "val/eval_iter_num": 38, "val/aAcc": 0.7340000000000001, "val/mIoU": 0.4661, "val/mAcc": 0.611, "val/IoU.background": 0.0, "val/IoU.wall": 0.635, "val/IoU.floor": 0.6163999938964844, "val/IoU.column": 0.18540000915527344, "val/IoU.opening": 0.7641000366210937, "val/IoU.facade/deco": 0.5956999969482422, "val/Acc.background": 0.0, "val/Acc.wall": 0.8338999938964844, "val/Acc.floor": 0.7605999755859375, "val/Acc.column": 0.4615999984741211, "val/Acc.opening": 0.8512999725341797, "val/Acc.facade/deco": 0.7584999847412109, "_wandb": {"runtime": 21963}}