{"train/decode.loss_ce": 0.792094866763677, "train/decode.loss_dice": 0.8358879985398804, "train/decode.acc_seg": 74.9501153806977, "train/aux.loss_ce": 0.2818348744255028, "train/aux.loss_dice": 0.49799776985155825, "train/aux.acc_seg": 73.34316225872924, "train/loss": 2.4078155053372416, "learning_rate": 0.01, "momentum": 0.9, "epoch": 300, "_timestamp": 1656553359, "_runtime": 24178, "_step": 45301, "val/eval_iter_num": 38, "val/aAcc": 0.684, "val/mIoU": 0.3859, "val/mAcc": 0.5347999999999999, "val/IoU.background": 0.0, "val/IoU.wall": 0.5375, "val/IoU.floor": 0.4786000061035156, "val/IoU.column": 0.0, "val/IoU.opening": 0.7420999908447266, "val/IoU.facade/deco": 0.5570999908447266, "val/Acc.background": 0.0, "val/Acc.wall": 0.7755999755859375, "val/Acc.floor": 0.8358999633789063, "val/Acc.column": 0.0, "val/Acc.opening": 0.8562000274658204, "val/Acc.facade/deco": 0.7408999633789063, "_wandb": {"runtime": 24180}}