{"train/decode.loss_ce": 0.5485716606212767, "train/decode.loss_dice": 0.619028022155067, "train/decode.acc_seg": 80.4950474113818, "train/loss": 1.1675996786316498, "learning_rate": 0.1, "momentum": 0.9, "epoch": 300, "_timestamp": 1657151499, "_runtime": 16295, "_step": 45301, "val/eval_iter_num": 38, "val/aAcc": 0.7877, "val/mIoU": 0.5672, "val/mAcc": 0.6893, "val/IoU.background": NaN, "val/IoU.wall": 0.6683000183105469, "val/IoU.floor": 0.5647999954223633, "val/IoU.column": 0.2297999954223633, "val/IoU.opening": 0.7815000152587891, "val/IoU.facade/deco": 0.5918000030517578, "val/Acc.background": NaN, "val/Acc.wall": 0.8004000091552734, "val/Acc.floor": 0.7169999694824218, "val/Acc.column": 0.263700008392334, "val/Acc.opening": 0.9076999664306641, "val/Acc.facade/deco": 0.7575, "_wandb": {"runtime": 16296}}