{"train/decode.loss_ce": 0.585951748470597, "train/decode.loss_dice": 0.6305399397943193, "train/decode.acc_seg": 80.20198842231801, "train/aux.loss_ce": 0.24320819411451453, "train/aux.loss_dice": 0.36174955796327024, "train/aux.acc_seg": 78.72060136605572, "train/loss": 1.82144944557291, "learning_rate": 0.001, "momentum": 0.9, "epoch": 300, "_timestamp": 1657198243, "_runtime": 18977, "_step": 45301, "val/eval_iter_num": 38, "val/aAcc": 0.7884, "val/mIoU": 0.575, "val/mAcc": 0.7134999999999999, "val/IoU.background": NaN, "val/IoU.wall": 0.6936000061035156, "val/IoU.floor": 0.5941999816894531, "val/IoU.column": 0.2418000030517578, "val/IoU.opening": 0.7593000030517578, "val/IoU.facade/deco": 0.5861000061035156, "val/Acc.background": NaN, "val/Acc.wall": 0.8383000183105469, "val/Acc.floor": 0.6647000122070312, "val/Acc.column": 0.5081000137329101, "val/Acc.opening": 0.8216999816894531, "val/Acc.facade/deco": 0.7345999908447266, "_wandb": {"runtime": 18979}}