{"train/decode.loss_ce": 0.5683018326364606, "train/decode.loss_dice": 0.8894894535573113, "train/decode.acc_seg": 78.91191871592541, "train/loss": 1.4577912838253755, "learning_rate": 0.001, "momentum": 0.9, "epoch": 300, "_timestamp": 1655957097, "_runtime": 23903, "_step": 45301, "val/eval_iter_num": 76, "val/aAcc": 0.7139, "val/mIoU": 0.42810000000000004, "val/mAcc": 0.5614, "val/IoU.background": 0.0, "val/IoU.wall": 0.5977000045776367, "val/IoU.floor": 0.47400001525878904, "val/IoU.column": 0.19010000228881835, "val/IoU.opening": 0.7555999755859375, "val/IoU.facade/deco": 0.5513000106811523, "val/Acc.background": 0.0, "val/Acc.wall": 0.849800033569336, "val/Acc.floor": 0.5556000137329101, "val/Acc.column": 0.422400016784668, "val/Acc.opening": 0.8547000122070313, "val/Acc.facade/deco": 0.6858000183105468, "_wandb": {"runtime": 23904}}