{"train/decode.loss_ce": 0.5298904273288929, "train/decode.loss_dice": 0.5342236590503857, "train/decode.acc_seg": 69.30593139446334, "train/aux.loss_ce": 0.21491335443412232, "train/aux.loss_dice": 0.3298576026168091, "train/aux.acc_seg": 67.63575668840218, "train/loss": 1.6088850411358258, "learning_rate": 0.01, "momentum": 0.8, "epoch": 300, "_timestamp": 1654829612, "_runtime": 35839, "_step": 45302, "val/aAcc": 0.7362000000000001, "val/mIoU": 0.42340000000000005, "val/mAcc": 0.54, "val/IoU.background": 0.0, "val/IoU.wall": 0.6345999908447265, "val/IoU.floor": 0.47639999389648435, "val/IoU.column": 0.1525, "val/IoU.opening": 0.7345999908447266, "val/IoU.facade/deco": 0.542400016784668, "val/Acc.background": 0.0, "val/Acc.wall": 0.8434999847412109, "val/Acc.floor": 0.6138000106811523, "val/Acc.column": 0.26299999237060545, "val/Acc.opening": 0.8152999877929688, "val/Acc.facade/deco": 0.7044000244140625, "val/decode.loss_ce_val": 0.6220065378829053, "val/decode.loss_dice_val": 0.6912070159849367, "val/decode.acc_seg_val": 78.44122575458728, "val/aux.loss_ce_val": 0.23670095048452677, "val/aux.loss_dice_val": 0.3820368553462781, "val/aux.acc_seg_val": 77.94012150011565, "val/loss_val": 1.9319513440132141, "_wandb": {"runtime": 35849}}