{"train/decode.loss_ce": 0.6387775723902595, "train/decode.loss_dice": 0.919633435492484, "train/decode.acc_seg": 77.20260660537821, "train/aux.loss_ce": 0.25734927283217574, "train/aux.loss_dice": 0.46510254981502, "train/aux.acc_seg": 75.89824954405526, "train/loss": 2.280862819280056, "learning_rate": 0.001, "momentum": 0.9, "epoch": 300, "_timestamp": 1656479674, "_runtime": 17640, "_step": 45301, "val/eval_iter_num": 38, "val/aAcc": 0.6975, "val/mIoU": 0.4413, "val/mAcc": 0.5871999999999999, "val/IoU.background": 0.0, "val/IoU.wall": 0.5736000061035156, "val/IoU.floor": 0.5897999954223633, "val/IoU.column": 0.19350000381469726, "val/IoU.opening": 0.7305000305175782, "val/IoU.facade/deco": 0.5606000137329101, "val/Acc.background": 0.0, "val/Acc.wall": 0.8277999877929687, "val/Acc.floor": 0.6936000061035156, "val/Acc.column": 0.47389999389648435, "val/Acc.opening": 0.8326000213623047, "val/Acc.facade/deco": 0.6951999664306641, "_wandb": {"runtime": 17641}}