{"train/decode.loss_ce": 0.8075907540242404, "train/decode.loss_dice": 1.6954804445734086, "train/decode.acc_seg": 69.85608877725159, "train/loss": 2.5030711952424207, "learning_rate": 0.0001, "momentum": 0.9, "epoch": 300, "_timestamp": 1657248903, "_runtime": 21734, "_step": 45301, "val/eval_iter_num": 38, "val/aAcc": 0.7036, "val/mIoU": 0.457, "val/mAcc": 0.6064, "val/IoU.background": 0.31420000076293947, "val/IoU.wall": 0.5743000030517578, "val/IoU.floor": 0.45430000305175783, "val/IoU.column": 0.208700008392334, "val/IoU.opening": 0.6869000244140625, "val/IoU.facade/deco": 0.5034999847412109, "val/Acc.background": 0.548499984741211, "val/Acc.wall": 0.7451999664306641, "val/Acc.floor": 0.6268999862670899, "val/Acc.column": 0.27030000686645506, "val/Acc.opening": 0.7845999908447265, "val/Acc.facade/deco": 0.6627999877929688, "_wandb": {"runtime": 21735}}