{"train/decode.loss_ce": 0.8024862957316519, "train/decode.loss_dice": 1.6380092560850232, "train/decode.acc_seg": 70.28499105592437, "train/aux.loss_ce": 0.34602734111002736, "train/aux.loss_dice": 0.6960969954136981, "train/aux.acc_seg": 67.85001133293505, "train/loss": 3.4826199029455123, "learning_rate": 0.0001, "momentum": 0.9, "epoch": 300, "_timestamp": 1657102183, "_runtime": 19222, "_step": 45301, "val/eval_iter_num": 38, "val/aAcc": 0.7108, "val/mIoU": 0.4951, "val/mAcc": 0.6781999999999999, "val/IoU.background": 0.3902000045776367, "val/IoU.wall": 0.5659000015258789, "val/IoU.floor": 0.47880001068115235, "val/IoU.column": 0.3120000076293945, "val/IoU.opening": 0.6951999664306641, "val/IoU.facade/deco": 0.5286000061035157, "val/Acc.background": 0.731500015258789, "val/Acc.wall": 0.6951000213623046, "val/Acc.floor": 0.6863999938964844, "val/Acc.column": 0.474900016784668, "val/Acc.opening": 0.7705999755859375, "val/Acc.facade/deco": 0.710999984741211, "_wandb": {"runtime": 20007}}