{"train/decode.loss_ce": 0.7810604734136569, "train/decode.loss_dice": 0.7892330084612827, "train/decode.acc_seg": 75.32411731947337, "train/aux.loss_ce": 0.29045172746213066, "train/aux.loss_dice": 0.497050566783804, "train/aux.acc_seg": 72.50242463168719, "train/loss": 2.3577957603315642, "learning_rate": 0.1, "momentum": 0.9, "epoch": 300, "_timestamp": 1655653581, "_runtime": 25104, "_step": 45301, "val/eval_iter_num": 76, "val/aAcc": 0.6244, "val/mIoU": 0.3136, "val/mAcc": 0.4482, "val/IoU.background": 0.0, "val/IoU.wall": 0.49639999389648437, "val/IoU.floor": 0.3640999984741211, "val/IoU.column": 0.0, "val/IoU.opening": 0.5193999862670898, "val/IoU.facade/deco": 0.5020000076293946, "val/Acc.background": 0.0, "val/Acc.wall": 0.6934999847412109, "val/Acc.floor": 0.47709999084472654, "val/Acc.column": 0.0, "val/Acc.opening": 0.8769999694824219, "val/Acc.facade/deco": 0.6412000274658203, "_wandb": {"runtime": 25106}}