{"train/decode.loss_ce": 0.7214216282036131, "train/decode.loss_dice": 0.8655671755604396, "train/decode.acc_seg": 64.04076534549132, "train/aux.loss_ce": 0.4244305965126745, "train/aux.loss_dice": 0.3524809508331564, "train/aux.acc_seg": 57.65006987464349, "train/loss": 2.3639003598926873, "learning_rate": 0.1, "momentum": 0.95, "epoch": 300, "_timestamp": 1655159284, "_runtime": 20237, "_step": 45302, "val/aAcc": 0.6714, "val/mIoU": 0.3004, "val/mAcc": 0.3865, "val/IoU.background": 0.0, "val/IoU.wall": 0.5861999893188476, "val/IoU.floor": 0.19940000534057617, "val/IoU.column": 0.0, "val/IoU.opening": 0.5611000061035156, "val/IoU.facade/deco": 0.4556999969482422, "val/Acc.background": 0.0, "val/Acc.wall": 0.9091000366210937, "val/Acc.floor": 0.206200008392334, "val/Acc.column": 0.0, "val/Acc.opening": 0.615, "val/Acc.facade/deco": 0.5886999893188477, "val/decode.loss_ce_val": 0.955178932139748, "val/decode.loss_dice_val": 0.917739065854173, "val/decode.acc_seg_val": 70.55255317687988, "val/aux.loss_ce_val": 0.3988231691090684, "val/aux.loss_dice_val": 0.35997194953654943, "val/aux.acc_seg_val": 70.1112685956453, "val/loss_val": 2.6317130640933386, "_wandb": {"runtime": 20241}}