{"train/decode.loss_ce": 0.7807366321023727, "train/decode.loss_dice": 1.3072183558482997, "train/decode.acc_seg": 70.8616034905642, "train/aux.loss_ce": 0.3300728835412209, "train/aux.loss_dice": 0.537225428598606, "train/aux.acc_seg": 69.16843159151394, "train/loss": 2.955253294761607, "learning_rate": 0.0001, "momentum": 0.9, "epoch": 300, "_timestamp": 1656070598, "_runtime": 18661, "_step": 45301, "val/eval_iter_num": 76, "val/aAcc": 0.6487, "val/mIoU": 0.35240000000000005, "val/mAcc": 0.4851, "val/IoU.background": 0.0, "val/IoU.wall": 0.5204999923706055, "val/IoU.floor": 0.3609999847412109, "val/IoU.column": 0.09560000419616699, "val/IoU.opening": 0.6580999755859375, "val/IoU.facade/deco": 0.47950000762939454, "val/Acc.background": 0.0, "val/Acc.wall": 0.7844999694824218, "val/Acc.floor": 0.6043000030517578, "val/Acc.column": 0.11149999618530274, "val/Acc.opening": 0.7556999969482422, "val/Acc.facade/deco": 0.6548000335693359, "_wandb": {"runtime": 18660}}