{"train/decode.loss_ce": 0.5489174999938106, "train/decode.loss_dice": 0.6279806173005641, "train/decode.acc_seg": 81.03765222410493, "train/loss": 1.1768981133470473, "learning_rate": 0.1, "momentum": 0.9, "epoch": 300, "_timestamp": 1657905762, "_runtime": 22939, "_step": 45301, "val/eval_iter_num": 38, "val/aAcc": 0.8072, "val/mIoU": 0.6063000000000001, "val/mAcc": 0.72, "val/IoU.background": NaN, "val/IoU.wall": 0.701500015258789, "val/IoU.floor": 0.6102999877929688, "val/IoU.column": 0.3213000106811523, "val/IoU.opening": 0.7933000183105469, "val/IoU.facade/deco": 0.605099983215332, "val/Acc.background": NaN, "val/Acc.wall": 0.840999984741211, "val/Acc.floor": 0.691500015258789, "val/Acc.column": 0.42959999084472655, "val/Acc.opening": 0.8693000030517578, "val/Acc.facade/deco": 0.7687999725341796, "_wandb": {"runtime": 22940}}