{"train/decode.loss_ce": 0.5567211459409322, "train/decode.loss_dice": 0.6175776831558998, "train/decode.acc_seg": 80.71543166811104, "train/aux.loss_ce": 0.22192801475919635, "train/aux.loss_dice": 0.34288567403294395, "train/aux.acc_seg": 79.67491119586869, "train/loss": 1.7391125169021404, "learning_rate": 0.001, "momentum": 0.9, "epoch": 300, "_timestamp": 1657028793, "_runtime": 40911, "_step": 45301, "val/eval_iter_num": 38, "val/aAcc": 0.8007, "val/mIoU": 0.5865, "val/mAcc": 0.6926000000000001, "val/IoU.background": NaN, "val/IoU.wall": 0.6883999633789063, "val/IoU.floor": 0.6402999877929687, "val/IoU.column": 0.18639999389648437, "val/IoU.opening": 0.7961000061035156, "val/IoU.facade/deco": 0.6211000061035157, "val/Acc.background": NaN, "val/Acc.wall": 0.8469000244140625, "val/Acc.floor": 0.6916999816894531, "val/Acc.column": 0.2990999984741211, "val/Acc.opening": 0.8693000030517578, "val/Acc.facade/deco": 0.7558999633789063, "_wandb": {"runtime": 40910}}