{"train/decode.loss_ce": 0.6010212654506923, "train/decode.loss_dice": 0.6500779650858696, "train/decode.acc_seg": 80.02013063746573, "train/aux.loss_ce": 0.2519462294629867, "train/aux.loss_dice": 0.3767853548984654, "train/aux.acc_seg": 78.18903878824601, "train/loss": 1.879830823039377, "learning_rate": 0.01, "momentum": 0.9, "epoch": 300, "_timestamp": 1655697490, "_runtime": 18637, "_step": 45301, "val/eval_iter_num": 76, "val/aAcc": 0.7070000000000001, "val/mIoU": 0.4079, "val/mAcc": 0.5102, "val/IoU.background": 0.0, "val/IoU.wall": 0.5740000152587891, "val/IoU.floor": 0.4034000015258789, "val/IoU.column": 0.13270000457763673, "val/IoU.opening": 0.7655999755859375, "val/IoU.facade/deco": 0.5718999862670898, "val/Acc.background": 0.0, "val/Acc.wall": 0.8443000030517578, "val/Acc.floor": 0.4372999954223633, "val/Acc.column": 0.1809000015258789, "val/Acc.opening": 0.8519999694824218, "val/Acc.facade/deco": 0.7465000152587891, "_wandb": {"runtime": 18638}}