{"train/decode.loss_ce": 0.7894729833729219, "train/decode.loss_dice": 0.828489237372449, "train/decode.acc_seg": 75.37264021816632, "train/aux.loss_ce": 0.3460547737530525, "train/aux.loss_dice": 0.4225167033096023, "train/aux.acc_seg": 70.79301061061834, "train/loss": 2.386533703235601, "learning_rate": 0.1, "momentum": 0.9, "epoch": 300, "_timestamp": 1656090348, "_runtime": 19714, "_step": 45301, "val/eval_iter_num": 76, "val/aAcc": 0.687, "val/mIoU": 0.3786, "val/mAcc": 0.4833, "val/IoU.background": 0.0, "val/IoU.wall": 0.5636000061035156, "val/IoU.floor": 0.47560001373291017, "val/IoU.column": 0.0033000001311302186, "val/IoU.opening": 0.6922000122070312, "val/IoU.facade/deco": 0.5366999816894531, "val/Acc.background": 0.0, "val/Acc.wall": 0.8468000030517578, "val/Acc.floor": 0.5659000015258789, "val/Acc.column": 0.0033000001311302186, "val/Acc.opening": 0.7394000244140625, "val/Acc.facade/deco": 0.7441000366210937, "_wandb": {"runtime": 19716}}