{"train/decode.loss_ce": 0.5901831799982399, "train/decode.loss_dice": 0.6488706471509491, "train/decode.acc_seg": 79.90577230390333, "train/aux.loss_ce": 0.2483847738299149, "train/aux.loss_dice": 0.3653830151684237, "train/aux.acc_seg": 78.3100351245198, "train/loss": 1.852821621673786, "learning_rate": 0.001, "momentum": 0.9, "epoch": 300, "_timestamp": 1656109969, "_runtime": 19589, "_step": 45301, "val/eval_iter_num": 76, "val/aAcc": 0.7051999999999999, "val/mIoU": 0.4299, "val/mAcc": 0.5664, "val/IoU.background": 0.0, "val/IoU.wall": 0.5756999969482421, "val/IoU.floor": 0.44540000915527345, "val/IoU.column": 0.23860000610351562, "val/IoU.opening": 0.7547000122070312, "val/IoU.facade/deco": 0.565, "val/Acc.background": 0.0, "val/Acc.wall": 0.8316000366210937, "val/Acc.floor": 0.5029000091552734, "val/Acc.column": 0.4893000030517578, "val/Acc.opening": 0.8476000213623047, "val/Acc.facade/deco": 0.7272000122070312, "_wandb": {"runtime": 19591}}