{"train/decode.loss_ce": 0.6891326768114078, "train/decode.loss_dice": 1.213715627098715, "train/decode.acc_seg": 73.80460542085154, "train/loss": 1.9028483021338254, "learning_rate": 0.0001, "momentum": 0.9, "epoch": 300, "_timestamp": 1655755091, "_runtime": 18848, "_step": 45301, "val/eval_iter_num": 76, "val/aAcc": 0.6859999999999999, "val/mIoU": 0.3889, "val/mAcc": 0.5196000000000001, "val/IoU.background": 0.0, "val/IoU.wall": 0.5797999954223633, "val/IoU.floor": 0.3990999984741211, "val/IoU.column": 0.10149999618530274, "val/IoU.opening": 0.7204000091552735, "val/IoU.facade/deco": 0.5327000045776367, "val/Acc.background": 0.0, "val/Acc.wall": 0.8077999877929688, "val/Acc.floor": 0.49959999084472656, "val/Acc.column": 0.283799991607666, "val/Acc.opening": 0.8140000152587891, "val/Acc.facade/deco": 0.7122000122070312, "_wandb": {"runtime": 18849}}