{"train/decode.loss_ce": 0.6353131668851865, "train/decode.loss_dice": 0.6662697841394816, "train/decode.acc_seg": 78.95955342172788, "train/loss": 1.3015829482615389, "learning_rate": 0.01, "momentum": 0.9, "epoch": 300, "_timestamp": 1656066649, "_runtime": 18061, "_step": 45301, "val/eval_iter_num": 76, "val/aAcc": 0.7212000000000001, "val/mIoU": 0.41950000000000004, "val/mAcc": 0.5256000000000001, "val/IoU.background": 0.0, "val/IoU.wall": 0.5820000076293945, "val/IoU.floor": 0.5136999893188476, "val/IoU.column": 0.05679999828338623, "val/IoU.opening": 0.7719000244140625, "val/IoU.facade/deco": 0.592599983215332, "val/Acc.background": 0.0, "val/Acc.wall": 0.8062000274658203, "val/Acc.floor": 0.6008000183105469, "val/Acc.column": 0.05730000019073486, "val/Acc.opening": 0.8745999908447266, "val/Acc.facade/deco": 0.8145999908447266, "_wandb": {"runtime": 18061}}