{"train/decode.loss_ce": 0.5736680693973769, "train/decode.loss_dice": 0.877841231444024, "train/decode.acc_seg": 78.98422071949535, "train/loss": 1.451509302420332, "learning_rate": 0.001, "momentum": 0.9, "epoch": 300, "_timestamp": 1656048547, "_runtime": 23961, "_step": 45301, "val/eval_iter_num": 76, "val/aAcc": 0.7097, "val/mIoU": 0.41759999999999997, "val/mAcc": 0.556, "val/IoU.background": 0.0, "val/IoU.wall": 0.6213000106811524, "val/IoU.floor": 0.48939998626708986, "val/IoU.column": 0.11029999732971191, "val/IoU.opening": 0.739800033569336, "val/IoU.facade/deco": 0.5447000122070312, "val/Acc.background": 0.0, "val/Acc.wall": 0.8394000244140625, "val/Acc.floor": 0.5513999938964844, "val/Acc.column": 0.4022000122070313, "val/Acc.opening": 0.852699966430664, "val/Acc.facade/deco": 0.6905000305175781, "_wandb": {"runtime": 23962}}