{"train/decode.loss_ce": 0.681022773712676, "train/decode.loss_dice": 1.213201529932338, "train/decode.acc_seg": 74.36941285796513, "train/aux.loss_ce": 0.29149412802907804, "train/aux.loss_dice": 0.4997926532038, "train/aux.acc_seg": 72.66116191535596, "train/loss": 2.68551107273986, "learning_rate": 0.0001, "momentum": 0.9, "epoch": 300, "_timestamp": 1655953481, "_runtime": 19779, "_step": 45301, "val/eval_iter_num": 76, "val/aAcc": 0.6807, "val/mIoU": 0.4018, "val/mAcc": 0.5552, "val/IoU.background": 0.0, "val/IoU.wall": 0.5784000015258789, "val/IoU.floor": 0.4834000015258789, "val/IoU.column": 0.11470000267028808, "val/IoU.opening": 0.7055000305175781, "val/IoU.facade/deco": 0.5286000061035157, "val/Acc.background": 0.0, "val/Acc.wall": 0.819800033569336, "val/Acc.floor": 0.6145999908447266, "val/Acc.column": 0.4331000137329102, "val/Acc.opening": 0.7795999908447265, "val/Acc.facade/deco": 0.6838999938964844, "_wandb": {"runtime": 19781}}