{"train/decode.loss_ce": 0.8936409302894642, "train/decode.loss_dice": 0.93298094398928, "train/decode.acc_seg": 71.46292624568308, "train/aux.loss_ce": 0.3370180350068389, "train/aux.loss_dice": 0.5395018697179705, "train/aux.acc_seg": 67.75989643627445, "train/loss": 2.7031417666681556, "learning_rate": 0.01, "momentum": 0.9, "epoch": 300, "_timestamp": 1655933673, "_runtime": 25960, "_step": 45301, "val/eval_iter_num": 76, "val/aAcc": 0.6637000000000001, "val/mIoU": 0.34369999999999995, "val/mAcc": 0.46090000000000003, "val/IoU.background": 0.0, "val/IoU.wall": 0.5415999984741211, "val/IoU.floor": 0.3579999923706055, "val/IoU.column": 0.0, "val/IoU.opening": 0.6626999664306641, "val/IoU.facade/deco": 0.49959999084472656, "val/Acc.background": 0.0, "val/Acc.wall": 0.8152999877929688, "val/Acc.floor": 0.48459999084472655, "val/Acc.column": 0.0, "val/Acc.opening": 0.8090000152587891, "val/Acc.facade/deco": 0.6562000274658203, "_wandb": {"runtime": 25959}}