{"train/decode.loss_ce": 0.6834657227756172, "train/decode.loss_dice": 0.8481508675000525, "train/decode.acc_seg": 78.37262831934241, "train/loss": 1.5316165918546008, "learning_rate": 0.01, "momentum": 0.9, "epoch": 300, "_timestamp": 1656912819, "_runtime": 23419, "_step": 45301, "val/eval_iter_num": 38, "val/aAcc": 0.7670999999999999, "val/mIoU": 0.5327000000000001, "val/mAcc": 0.6444, "val/IoU.background": 0.49590000152587893, "val/IoU.wall": 0.6470999908447266, "val/IoU.floor": 0.49459999084472656, "val/IoU.column": 0.22690000534057617, "val/IoU.opening": 0.7591999816894531, "val/IoU.facade/deco": 0.5725, "val/Acc.background": 0.6545999908447265, "val/Acc.wall": 0.8212000274658203, "val/Acc.floor": 0.5311000061035156, "val/Acc.column": 0.24870000839233397, "val/Acc.opening": 0.9066000366210938, "val/Acc.facade/deco": 0.7041000366210938, "_wandb": {"runtime": 23421}}