{"train/decode.loss_ce": 0.9427611212067256, "train/decode.loss_dice": 1.09247236733405, "train/decode.acc_seg": 68.18620330608444, "train/loss": 2.035233481830319, "learning_rate": 0.01, "momentum": 0.9, "epoch": 10, "_timestamp": 1655983318, "_runtime": 806, "_step": 1511, "val/eval_iter_num": 76, "val/aAcc": 0.6375, "val/mIoU": 0.3171, "val/mAcc": 0.4593, "val/IoU.background": 0.0, "val/IoU.wall": 0.5368000030517578, "val/IoU.floor": 0.28280000686645507, "val/IoU.column": 0.0, "val/IoU.opening": 0.6245000076293945, "val/IoU.facade/deco": 0.4584000015258789, "val/Acc.background": 0.0, "val/Acc.wall": 0.8484999847412109, "val/Acc.floor": 0.6638999938964844, "val/Acc.column": 0.0, "val/Acc.opening": 0.675, "val/Acc.facade/deco": 0.5681000137329102}