{"train/decode.loss_ce": 0.6757185133482446, "train/decode.loss_dice": 1.0859933499468872, "train/decode.acc_seg": 75.39191729817169, "train/loss": 1.7617118619135674, "learning_rate": 0.0001, "momentum": 0.9, "epoch": 300, "_timestamp": 1656236726, "_runtime": 24384, "_step": 45301, "val/eval_iter_num": 76, "val/aAcc": 0.6936, "val/mIoU": 0.39390000000000003, "val/mAcc": 0.5257999999999999, "val/IoU.background": 0.0, "val/IoU.wall": 0.602599983215332, "val/IoU.floor": 0.45110000610351564, "val/IoU.column": 0.07579999923706054, "val/IoU.opening": 0.7158999633789063, "val/IoU.facade/deco": 0.5181000137329101, "val/Acc.background": 0.0, "val/Acc.wall": 0.8411000061035157, "val/Acc.floor": 0.6093000030517578, "val/Acc.column": 0.23790000915527343, "val/Acc.opening": 0.8001000213623047, "val/Acc.facade/deco": 0.6661000061035156, "_wandb": {"runtime": 24385}}