{"train/decode.loss_ce": 1.1731196195873994, "train/decode.loss_dice": 1.8152849571594338, "train/decode.acc_seg": 36.34447345038913, "train/aux.loss_ce": 0.4998828546692993, "train/aux.loss_dice": 0.6153219259337873, "train/aux.acc_seg": 36.49151937219481, "train/loss": 4.103609358238069, "learning_rate": 1.0, "momentum": 0.8, "epoch": 300, "_timestamp": 1655139003, "_runtime": 19357, "_step": 45302, "val/aAcc": 0.42840000000000006, "val/mIoU": 0.07139999999999999, "val/mAcc": 0.16670000000000001, "val/IoU.background": 0.0, "val/IoU.wall": 0.4284000015258789, "val/IoU.floor": 0.0, "val/IoU.column": 0.0, "val/IoU.opening": 0.0, "val/IoU.facade/deco": 0.0, "val/Acc.background": 0.0, "val/Acc.wall": 1.0, "val/Acc.floor": 0.0, "val/Acc.column": 0.0, "val/Acc.opening": 0.0, "val/Acc.facade/deco": 0.0, "val/decode.loss_ce_val": 1.3142346520172923, "val/decode.loss_dice_val": 1.8226434180611057, "val/decode.acc_seg_val": 44.89739362817062, "val/aux.loss_ce_val": 0.5500426512015494, "val/aux.loss_dice_val": 0.6209628989821986, "val/aux.acc_seg_val": 44.89166144320839, "val/loss_val": 4.30788358889128, "_wandb": {"runtime": 19360}}