{"train/decode.loss_ce": 1.173458803173722, "train/decode.loss_dice": 1.8209991084029342, "train/decode.acc_seg": 36.65973864801672, "train/aux.loss_ce": 0.4956702398543326, "train/aux.loss_dice": 0.6124454227504351, "train/aux.acc_seg": 36.87265860323874, "train/loss": 4.102573565299937, "learning_rate": 1.0, "momentum": 0.8, "epoch": 297, "_timestamp": 1655138811, "_runtime": 19165, "_step": 44849, "val/aAcc": 0.23, "val/mIoU": 0.0383, "val/mAcc": 0.16670000000000001, "val/IoU.background": 0.0, "val/IoU.wall": 0.0, "val/IoU.floor": 0.0, "val/IoU.column": 0.0, "val/IoU.opening": 0.0, "val/IoU.facade/deco": 0.23, "val/Acc.background": 0.0, "val/Acc.wall": 0.0, "val/Acc.floor": 0.0, "val/Acc.column": 0.0, "val/Acc.opening": 0.0, "val/Acc.facade/deco": 1.0, "val/decode.loss_ce_val": 1.3206803579079478, "val/decode.loss_dice_val": 1.8298111903040033, "val/decode.acc_seg_val": 25.688414234864084, "val/aux.loss_ce_val": 0.5450736048974489, "val/aux.loss_dice_val": 0.624045215154949, "val/aux.acc_seg_val": 25.688414234864084, "val/loss_val": 4.319610357284546}