{
    "config": "/root/mmsegmentation/configs/hrnet/myhrnet_test.py",
    "metric": {
        "aAcc": 0.8190999999999999,
        "mIoU": 0.6147,
        "mAcc": 0.7474,
        "IoU.background": NaN,
        "IoU.wall": 0.7284999847412109,
        "IoU.floor": 0.6083000183105469,
        "IoU.column": 0.35619998931884767,
        "IoU.opening": 0.7766999816894531,
        "IoU.facade/deco": 0.6038999938964844,
        "Acc.background": NaN,
        "Acc.wall": 0.8495999908447266,
        "Acc.floor": 0.7458999633789063,
        "Acc.column": 0.5297999954223633,
        "Acc.opening": 0.8526000213623047,
        "Acc.facade/deco": 0.7593000030517578
    }
}