{
    "config": "/root/mmsegmentation/configs/hrnet/myhrnet_test.py",
    "metric": {
        "aAcc": 0.8264,
        "mIoU": 0.6274000000000001,
        "mAcc": 0.7394,
        "IoU.background": NaN,
        "IoU.wall": 0.7466999816894532,
        "IoU.floor": 0.5315999984741211,
        "IoU.column": 0.47779998779296873,
        "IoU.opening": 0.7686000061035156,
        "IoU.facade/deco": 0.6122000122070312,
        "Acc.background": NaN,
        "Acc.wall": 0.8620999908447265,
        "Acc.floor": 0.6338000106811523,
        "Acc.column": 0.5777999877929687,
        "Acc.opening": 0.849800033569336,
        "Acc.facade/deco": 0.773499984741211
    }
}