{"train/decode.loss_ce": 1.178463651644473, "train/decode.loss_dice": 1.784459219863083, "train/decode.acc_seg": 37.82399899438517, "train/aux.loss_ce": 0.4935178676780486, "train/aux.loss_dice": 0.7280025896647119, "train/aux.acc_seg": 38.3467569540668, "train/loss": 4.18444333329106, "learning_rate": 0.0001, "momentum": 0.9, "epoch": 6, "_timestamp": 1655381009, "_runtime": 379, "_step": 907, "val/eval_iter_num": 76, "val/aAcc": 0.43479999999999996, "val/mIoU": 0.1103, "val/mAcc": 0.1942, "val/IoU.background": 0.0, "val/IoU.wall": 0.43290000915527344, "val/IoU.floor": 0.0, "val/IoU.column": 0.0, "val/IoU.opening": 0.0775, "val/IoU.facade/deco": 0.1515999984741211, "val/Acc.background": 0.0, "val/Acc.wall": 0.8452999877929688, "val/Acc.floor": 0.0, "val/Acc.column": 0.0, "val/Acc.opening": 0.09199999809265137, "val/Acc.facade/deco": 0.22780000686645507}