{"train/decode.loss_ce": 0.804008759410176, "train/decode.loss_dice": 0.891676854613601, "train/decode.acc_seg": 75.76569763082543, "train/loss": 1.695685617181639, "learning_rate": 0.01, "momentum": 0.9, "epoch": 300, "_timestamp": 1657024801, "_runtime": 41201, "_step": 45301, "val/eval_iter_num": 38, "val/aAcc": 0.7537999999999999, "val/mIoU": 0.503, "val/mAcc": 0.6383, "val/IoU.background": 0.46419998168945314, "val/IoU.wall": 0.627400016784668, "val/IoU.floor": 0.604900016784668, "val/IoU.column": 0.0, "val/IoU.opening": 0.7652999877929687, "val/IoU.facade/deco": 0.5561000061035156, "val/Acc.background": 0.7411000061035157, "val/Acc.wall": 0.7719999694824219, "val/Acc.floor": 0.710999984741211, "val/Acc.column": 0.0, "val/Acc.opening": 0.8576000213623047, "val/Acc.facade/deco": 0.7481999969482422, "_wandb": {"runtime": 41202}}