{"train/decode.loss_ce": 0.6019693074242168, "train/decode.loss_dice": 0.6697065555891454, "train/decode.acc_seg": 79.6626782448876, "train/aux.loss_ce": 0.25545461905121014, "train/aux.loss_dice": 0.37959149420656113, "train/aux.acc_seg": 77.70792985120356, "train/loss": 1.906721975629693, "learning_rate": 0.01, "momentum": 0.9, "epoch": 300, "_timestamp": 1656051885, "_runtime": 18893, "_step": 45301, "val/eval_iter_num": 76, "val/aAcc": 0.7026, "val/mIoU": 0.4202, "val/mAcc": 0.5567, "val/IoU.background": 0.0, "val/IoU.wall": 0.5811999893188476, "val/IoU.floor": 0.42650001525878906, "val/IoU.column": 0.20559999465942383, "val/IoU.opening": 0.7544000244140625, "val/IoU.facade/deco": 0.5531999969482422, "val/Acc.background": 0.0, "val/Acc.wall": 0.8105000305175781, "val/Acc.floor": 0.48200000762939454, "val/Acc.column": 0.43849998474121094, "val/Acc.opening": 0.8384999847412109, "val/Acc.facade/deco": 0.7706999969482422, "_wandb": {"runtime": 18894}}