{"train/decode.loss_ce": 0.6985909259871931, "train/decode.loss_dice": 0.7401062802763174, "train/decode.acc_seg": 77.40666954091053, "train/loss": 1.438697204289847, "learning_rate": 0.1, "momentum": 0.9, "epoch": 300, "_timestamp": 1655797267, "_runtime": 18276, "_step": 45301, "val/eval_iter_num": 76, "val/aAcc": 0.7103, "val/mIoU": 0.415, "val/mAcc": 0.522, "val/IoU.background": 0.0, "val/IoU.wall": 0.5831000137329102, "val/IoU.floor": 0.4904999923706055, "val/IoU.column": 0.11529999732971191, "val/IoU.opening": 0.7408000183105469, "val/IoU.facade/deco": 0.5604000091552734, "val/Acc.background": 0.0, "val/Acc.wall": 0.8419000244140625, "val/Acc.floor": 0.6045000076293945, "val/Acc.column": 0.116899995803833, "val/Acc.opening": 0.8287000274658203, "val/Acc.facade/deco": 0.74, "_wandb": {"runtime": 18277}}