{"train/decode.loss_ce": 0.5181009544442031, "train/decode.loss_dice": 0.5906648850993604, "train/decode.acc_seg": 81.96224912428698, "train/loss": 1.1087658403330292, "learning_rate": 0.001, "momentum": 0.9, "epoch": 300, "_timestamp": 1655861113, "_runtime": 24958, "_step": 45301, "val/eval_iter_num": 76, "val/aAcc": 0.7315999999999999, "val/mIoU": 0.4535, "val/mAcc": 0.5544, "val/IoU.background": 0.0, "val/IoU.wall": 0.6088999938964844, "val/IoU.floor": 0.5402999877929687, "val/IoU.column": 0.22649999618530273, "val/IoU.opening": 0.7715000152587891, "val/IoU.facade/deco": 0.5736000061035156, "val/Acc.background": 0.0, "val/Acc.wall": 0.8881999969482421, "val/Acc.floor": 0.622599983215332, "val/Acc.column": 0.2670999908447266, "val/Acc.opening": 0.8608000183105469, "val/Acc.facade/deco": 0.6876999664306641, "_wandb": {"runtime": 24959}}