{"train/decode.loss_ce": 0.542592143972978, "train/decode.loss_dice": 0.6173659754509957, "train/decode.acc_seg": 81.02047431390017, "train/loss": 1.1599581194239736, "learning_rate": 0.01, "momentum": 0.9, "epoch": 300, "_timestamp": 1655908318, "_runtime": 17739, "_step": 45301, "val/eval_iter_num": 76, "val/aAcc": 0.7358, "val/mIoU": 0.4476, "val/mAcc": 0.5527000000000001, "val/IoU.background": 0.0, "val/IoU.wall": 0.6018999862670898, "val/IoU.floor": 0.5906000137329102, "val/IoU.column": 0.10100000381469726, "val/IoU.opening": 0.7823999786376953, "val/IoU.facade/deco": 0.6093999862670898, "val/Acc.background": 0.0, "val/Acc.wall": 0.8433000183105469, "val/Acc.floor": 0.7036000061035156, "val/Acc.column": 0.10369999885559082, "val/Acc.opening": 0.8841000366210937, "val/Acc.facade/deco": 0.7816999816894531, "_wandb": {"runtime": 17741}}