{"train/decode.loss_ce": 0.7073017980483983, "train/decode.loss_dice": 1.2265184071679778, "train/decode.acc_seg": 73.23898881318553, "train/aux.loss_ce": 0.29880576210700915, "train/aux.loss_dice": 0.5037111193928497, "train/aux.acc_seg": 71.90145151504618, "train/loss": 2.7363370925385433, "learning_rate": 0.001, "momentum": 0.9, "epoch": 300, "_timestamp": 1656267204, "_runtime": 24959, "_step": 45301, "val/eval_iter_num": 76, "val/aAcc": 0.6796, "val/mIoU": 0.3978, "val/mAcc": 0.5162, "val/IoU.background": 0.0, "val/IoU.wall": 0.5495999908447265, "val/IoU.floor": 0.462599983215332, "val/IoU.column": 0.1493000030517578, "val/IoU.opening": 0.7118000030517578, "val/IoU.facade/deco": 0.513400001525879, "val/Acc.background": 0.0, "val/Acc.wall": 0.8330000305175781, "val/Acc.floor": 0.5820999908447265, "val/Acc.column": 0.21940000534057616, "val/Acc.opening": 0.8095999908447266, "val/Acc.facade/deco": 0.6531999969482422, "_wandb": {"runtime": 24961}}