{"train/decode.loss_ce": 0.6013651760603418, "train/decode.loss_dice": 0.896471579935377, "train/decode.acc_seg": 77.90697570194472, "train/loss": 1.4978367563904516, "learning_rate": 0.001, "momentum": 0.9, "epoch": 245, "_timestamp": 1656400995, "_runtime": 16550, "_step": 36996, "val/eval_iter_num": 76, "val/aAcc": 0.7003, "val/mIoU": 0.42200000000000004, "val/mAcc": 0.5685, "val/IoU.background": 0.0, "val/IoU.wall": 0.6097000122070313, "val/IoU.floor": 0.5188999938964843, "val/IoU.column": 0.12960000038146974, "val/IoU.opening": 0.716500015258789, "val/IoU.facade/deco": 0.5570999908447266, "val/Acc.background": 0.0, "val/Acc.wall": 0.8536000061035156, "val/Acc.floor": 0.5854999923706055, "val/Acc.column": 0.4690999984741211, "val/Acc.opening": 0.8072000122070313, "val/Acc.facade/deco": 0.6958000183105468}