{"train/decode.loss_ce": 0.5734559554137931, "train/decode.loss_dice": 0.8603468683381744, "train/decode.acc_seg": 79.37713398207103, "train/aux.loss_ce": 0.2483486041722708, "train/aux.loss_dice": 0.3663465948096964, "train/aux.acc_seg": 78.20315996384778, "train/loss": 2.0484980226352514, "learning_rate": 0.001, "momentum": 0.9, "epoch": 300, "_timestamp": 1656529147, "_runtime": 24439, "_step": 45301, "val/eval_iter_num": 38, "val/aAcc": 0.703, "val/mIoU": 0.44549999999999995, "val/mAcc": 0.6275999999999999, "val/IoU.background": 0.0, "val/IoU.wall": 0.5945000076293945, "val/IoU.floor": 0.5277000045776368, "val/IoU.column": 0.2440999984741211, "val/IoU.opening": 0.752300033569336, "val/IoU.facade/deco": 0.5547999954223632, "val/Acc.background": 0.0, "val/Acc.wall": 0.8297000122070313, "val/Acc.floor": 0.7694000244140625, "val/Acc.column": 0.6437000274658203, "val/Acc.opening": 0.8326000213623047, "val/Acc.facade/deco": 0.6904000091552734, "_wandb": {"runtime": 24440}}