{"train/decode.loss_ce": 1.1084764781377174, "train/decode.loss_dice": 1.9974910668189951, "train/decode.acc_seg": 59.20292781046684, "train/aux.loss_ce": 0.4608875440051224, "train/aux.loss_dice": 0.8190058821084484, "train/aux.acc_seg": 56.87531261570406, "train/loss": 4.3858609736360465, "learning_rate": 0.0001, "momentum": 0.9, "epoch": 300, "_timestamp": 1656803206, "_runtime": 17324, "_step": 45301, "val/eval_iter_num": 38, "val/aAcc": 0.6292, "val/mIoU": 0.3103, "val/mAcc": 0.4156, "val/IoU.background": 0.34950000762939454, "val/IoU.wall": 0.5065000152587891, "val/IoU.floor": 0.022400000095367432, "val/IoU.column": 0.0, "val/IoU.opening": 0.5452999877929687, "val/IoU.facade/deco": 0.4379999923706055, "val/Acc.background": 0.41439998626708985, "val/Acc.wall": 0.765199966430664, "val/Acc.floor": 0.02380000114440918, "val/Acc.column": 0.0, "val/Acc.opening": 0.6615000152587891, "val/Acc.facade/deco": 0.6288000106811523, "_wandb": {"runtime": 17326}}