{"train/decode.loss_ce": 1.6579939284861482, "train/decode.loss_dice": 1.9347611184151756, "train/decode.acc_seg": 35.3521217194614, "train/loss": 3.5927550445329275, "learning_rate": 0.0001, "momentum": 0.9, "epoch": 1, "_timestamp": 1655799763, "_runtime": 88, "_step": 152, "val/eval_iter_num": 76, "val/aAcc": 0.368, "val/mIoU": 0.0892, "val/mAcc": 0.1689, "val/IoU.background": 0.003400000035762787, "val/IoU.wall": 0.36959999084472656, "val/IoU.floor": 0.0037000000476837156, "val/IoU.column": 0.005, "val/IoU.opening": 0.05190000057220459, "val/IoU.facade/deco": 0.10149999618530274, "val/Acc.background": 0.003499999940395355, "val/Acc.wall": 0.7843000030517578, "val/Acc.floor": 0.004000000059604645, "val/Acc.column": 0.006399999856948852, "val/Acc.opening": 0.06690000057220459, "val/Acc.facade/deco": 0.14810000419616698}