{"train/decode.loss_ce": 0.6813372201872188, "train/decode.loss_dice": 0.66290532457118, "train/decode.acc_seg": 66.33984932046852, "train/aux.loss_ce": 0.22748594987668738, "train/aux.loss_dice": 0.4462450227595323, "train/aux.acc_seg": 65.07918256797538, "train/loss": 2.0179735019506997, "learning_rate": 0.001, "momentum": 0.95, "epoch": 300, "_timestamp": 1655219886, "_runtime": 19792, "_step": 45302, "val/aAcc": 0.7156, "val/mIoU": 0.37200000000000005, "val/mAcc": 0.47240000000000004, "val/IoU.background": 0.0, "val/IoU.wall": 0.6118000030517579, "val/IoU.floor": 0.4243000030517578, "val/IoU.column": 0.0, "val/IoU.opening": 0.6945999908447266, "val/IoU.facade/deco": 0.5011000061035156, "val/Acc.background": 0.0, "val/Acc.wall": 0.860999984741211, "val/Acc.floor": 0.5368000030517578, "val/Acc.column": 0.0, "val/Acc.opening": 0.7945999908447265, "val/Acc.facade/deco": 0.642300033569336, "val/decode.loss_ce_val": 0.7782426037286457, "val/decode.loss_dice_val": 0.7596804530997026, "val/decode.acc_seg_val": 76.20515180888928, "val/aux.loss_ce_val": 0.25514037554201324, "val/aux.loss_dice_val": 0.47421855910828237, "val/aux.acc_seg_val": 75.52045902452971, "val/loss_val": 2.267281993439323, "_wandb": {"runtime": 19795}}