{"train/decode.loss_ce": 0.5690529472780543, "train/decode.loss_dice": 0.6345777871296895, "train/decode.acc_seg": 80.60661624125298, "train/loss": 1.2036307381083633, "learning_rate": 0.01, "momentum": 0.9, "epoch": 300, "_timestamp": 1655836129, "_runtime": 18589, "_step": 45301, "val/eval_iter_num": 76, "val/aAcc": 0.7299, "val/mIoU": 0.4678, "val/mAcc": 0.5782, "val/IoU.background": 0.0, "val/IoU.wall": 0.5986000061035156, "val/IoU.floor": 0.5081000137329101, "val/IoU.column": 0.33610000610351565, "val/IoU.opening": 0.7763999938964844, "val/IoU.facade/deco": 0.5877000045776367, "val/Acc.background": 0.0, "val/Acc.wall": 0.8436000061035156, "val/Acc.floor": 0.5906000137329102, "val/Acc.column": 0.4006999969482422, "val/Acc.opening": 0.8844000244140625, "val/Acc.facade/deco": 0.7498999786376953, "_wandb": {"runtime": 18591}}