{"train/decode.loss_ce": 0.6107373701420841, "train/decode.loss_dice": 0.8938599522934844, "train/decode.acc_seg": 77.65093387831126, "train/loss": 1.504597320067172, "learning_rate": 0.001, "momentum": 0.9, "epoch": 300, "_timestamp": 1656983499, "_runtime": 39803, "_step": 45301, "val/eval_iter_num": 38, "val/aAcc": 0.7853, "val/mIoU": 0.5798, "val/mAcc": 0.7143, "val/IoU.background": NaN, "val/IoU.wall": 0.6812999725341797, "val/IoU.floor": 0.5984999847412109, "val/IoU.column": 0.29719999313354495, "val/IoU.opening": 0.7480000305175781, "val/IoU.facade/deco": 0.5740000152587891, "val/Acc.background": NaN, "val/Acc.wall": 0.8322000122070312, "val/Acc.floor": 0.7344000244140625, "val/Acc.column": 0.46040000915527346, "val/Acc.opening": 0.808499984741211, "val/Acc.facade/deco": 0.7362999725341797, "_wandb": {"runtime": 39803}}