{"train/decode.loss_ce": 0.8481545075280776, "train/decode.loss_dice": 1.0370326004675683, "train/decode.acc_seg": 71.66352376874708, "train/aux.loss_ce": 0.36234288036033807, "train/aux.loss_dice": 0.563986817140453, "train/aux.acc_seg": 65.34352754757104, "train/loss": 2.811516800463594, "learning_rate": 0.1, "momentum": 0.9, "epoch": 300, "_timestamp": 1656032967, "_runtime": 25269, "_step": 45301, "val/eval_iter_num": 76, "val/aAcc": 0.6705, "val/mIoU": 0.35119999999999996, "val/mAcc": 0.4704, "val/IoU.background": 0.0, "val/IoU.wall": 0.5458000183105469, "val/IoU.floor": 0.3511000061035156, "val/IoU.column": 0.0, "val/IoU.opening": 0.6941000366210938, "val/IoU.facade/deco": 0.5159000015258789, "val/Acc.background": 0.0, "val/Acc.wall": 0.8043000030517579, "val/Acc.floor": 0.514000015258789, "val/Acc.column": 0.0, "val/Acc.opening": 0.7848999786376953, "val/Acc.facade/deco": 0.7194000244140625, "_wandb": {"runtime": 25271}}