{"train/decode.loss_ce": 0.5883025260555823, "train/decode.loss_dice": 0.8740136832590925, "train/decode.acc_seg": 78.34637784642099, "train/loss": 1.4623162122751703, "learning_rate": 0.001, "momentum": 0.9, "epoch": 300, "_timestamp": 1656479395, "_runtime": 17985, "_step": 45301, "val/eval_iter_num": 38, "val/aAcc": 0.7127, "val/mIoU": 0.44789999999999996, "val/mAcc": 0.603, "val/IoU.background": 0.0, "val/IoU.wall": 0.6081999969482422, "val/IoU.floor": 0.5886999893188477, "val/IoU.column": 0.15420000076293947, "val/IoU.opening": 0.7583999633789062, "val/IoU.facade/deco": 0.5779000091552734, "val/Acc.background": 0.0, "val/Acc.wall": 0.8038999938964844, "val/Acc.floor": 0.7609999847412109, "val/Acc.column": 0.4615999984741211, "val/Acc.opening": 0.8354000091552735, "val/Acc.facade/deco": 0.7562000274658203, "_wandb": {"runtime": 17987}}