{"train/decode.loss_ce": 0.549189643157239, "train/decode.loss_dice": 0.609133013628966, "train/decode.acc_seg": 81.09610093982015, "train/loss": 1.1583226540230758, "learning_rate": 0.1, "momentum": 0.9, "epoch": 300, "_timestamp": 1657931181, "_runtime": 25386, "_step": 45301, "val/eval_iter_num": 38, "val/aAcc": 0.8085, "val/mIoU": 0.6153, "val/mAcc": 0.7267, "val/IoU.background": NaN, "val/IoU.wall": 0.6995999908447266, "val/IoU.floor": 0.5716999816894531, "val/IoU.column": 0.39540000915527346, "val/IoU.opening": 0.7916999816894531, "val/IoU.facade/deco": 0.6184000015258789, "val/Acc.background": NaN, "val/Acc.wall": 0.8468000030517578, "val/Acc.floor": 0.6441999816894531, "val/Acc.column": 0.494900016784668, "val/Acc.opening": 0.8883999633789063, "val/Acc.facade/deco": 0.7594999694824218, "_wandb": {"runtime": 25387}}