{"train/decode.loss_ce": 0.5412489124481251, "train/decode.loss_dice": 0.8484175971012242, "train/decode.acc_seg": 79.80577006561077, "train/loss": 1.3896665083651512, "learning_rate": 0.001, "momentum": 0.9, "epoch": 300, "_timestamp": 1656110820, "_runtime": 19275, "_step": 45301, "val/eval_iter_num": 76, "val/aAcc": 0.7145, "val/mIoU": 0.41729999999999995, "val/mAcc": 0.5594, "val/IoU.background": 0.0, "val/IoU.wall": 0.6240999984741211, "val/IoU.floor": 0.39110000610351564, "val/IoU.column": 0.15550000190734864, "val/IoU.opening": 0.7630000305175781, "val/IoU.facade/deco": 0.57, "val/Acc.background": 0.0, "val/Acc.wall": 0.8116999816894531, "val/Acc.floor": 0.4134999847412109, "val/Acc.column": 0.4890999984741211, "val/Acc.opening": 0.8434999847412109, "val/Acc.facade/deco": 0.7983000183105469, "_wandb": {"runtime": 19276}}