{"train/decode.loss_ce": 0.7200359668558007, "train/decode.loss_dice": 1.2350758574656304, "train/decode.acc_seg": 72.76966893278211, "train/loss": 1.9551118193872716, "learning_rate": 0.0001, "momentum": 0.9, "epoch": 300, "_timestamp": 1655778964, "_runtime": 23849, "_step": 45301, "val/eval_iter_num": 76, "val/aAcc": 0.6748000000000001, "val/mIoU": 0.36979999999999996, "val/mAcc": 0.4954, "val/IoU.background": 0.0, "val/IoU.wall": 0.5786000061035156, "val/IoU.floor": 0.39799999237060546, "val/IoU.column": 0.06769999980926514, "val/IoU.opening": 0.683499984741211, "val/IoU.facade/deco": 0.4909999847412109, "val/Acc.background": 0.0, "val/Acc.wall": 0.8383000183105469, "val/Acc.floor": 0.545099983215332, "val/Acc.column": 0.1884000015258789, "val/Acc.opening": 0.7631999969482421, "val/Acc.facade/deco": 0.6375, "_wandb": {"runtime": 23850}}