{"train/decode.loss_ce": 0.8150784083154817, "train/decode.loss_dice": 1.025081335708795, "train/decode.acc_seg": 74.99594492628084, "train/loss": 1.8401597461953068, "learning_rate": 0.001, "momentum": 0.9, "epoch": 300, "_timestamp": 1656835557, "_runtime": 24926, "_step": 45301, "val/eval_iter_num": 38, "val/aAcc": 0.7334, "val/mIoU": 0.516, "val/mAcc": 0.6894, "val/IoU.background": 0.3138999938964844, "val/IoU.wall": 0.6011000061035157, "val/IoU.floor": 0.5504000091552734, "val/IoU.column": 0.34119998931884765, "val/IoU.opening": 0.7426000213623047, "val/IoU.facade/deco": 0.5468999862670898, "val/Acc.background": 0.6591000366210937, "val/Acc.wall": 0.7468000030517579, "val/Acc.floor": 0.6245999908447266, "val/Acc.column": 0.5956999969482422, "val/Acc.opening": 0.8530000305175781, "val/Acc.facade/deco": 0.6573999786376953, "_wandb": {"runtime": 24927}}