{"train/decode.loss_ce": 0.48258145123917534, "train/decode.loss_dice": 0.5425629724335197, "train/decode.acc_seg": 83.09812581144422, "train/loss": 1.0251444260410916, "learning_rate": 0.01, "momentum": 0.9, "epoch": 300, "_timestamp": 1655981122, "_runtime": 23998, "_step": 45301, "val/eval_iter_num": 76, "val/aAcc": 0.7414000000000001, "val/mIoU": 0.4935, "val/mAcc": 0.604, "val/IoU.background": 0.0, "val/IoU.wall": 0.6097999954223633, "val/IoU.floor": 0.5918000030517578, "val/IoU.column": 0.3758000183105469, "val/IoU.opening": 0.7816000366210938, "val/IoU.facade/deco": 0.6022000122070312, "val/Acc.background": 0.0, "val/Acc.wall": 0.8719999694824219, "val/Acc.floor": 0.7180999755859375, "val/Acc.column": 0.44459999084472657, "val/Acc.opening": 0.8623999786376954, "val/Acc.facade/deco": 0.7269999694824218, "_wandb": {"runtime": 24000}}