{"train/decode.loss_ce": 0.5727267877155582, "train/decode.loss_dice": 0.8689713487956697, "train/decode.acc_seg": 78.96068153633976, "train/aux.loss_ce": 0.25762974475787964, "train/aux.loss_dice": 0.3806116149717609, "train/aux.acc_seg": 77.12234860856012, "train/loss": 2.0799394988066315, "learning_rate": 0.001, "momentum": 0.9, "epoch": 300, "_timestamp": 1656207747, "_runtime": 25852, "_step": 45301, "val/eval_iter_num": 76, "val/aAcc": 0.7020000000000001, "val/mIoU": 0.4343, "val/mAcc": 0.5989, "val/IoU.background": 0.0, "val/IoU.wall": 0.5945999908447266, "val/IoU.floor": 0.5181999969482421, "val/IoU.column": 0.18629999160766603, "val/IoU.opening": 0.7494999694824219, "val/IoU.facade/deco": 0.5572999954223633, "val/Acc.background": 0.0, "val/Acc.wall": 0.8180000305175781, "val/Acc.floor": 0.6093000030517578, "val/Acc.column": 0.6215000152587891, "val/Acc.opening": 0.8284999847412109, "val/Acc.facade/deco": 0.7158000183105468, "_wandb": {"runtime": 25853}}