{"train/decode.loss_ce": 0.638213574886322, "train/decode.loss_dice": 1.3849382400512695, "train/decode.acc_seg": 78.47892761230469, "train/aux.loss_ce": 0.26729854941368103, "train/aux.loss_dice": 0.5569647550582886, "train/aux.acc_seg": 78.21973419189453, "train/loss": 2.847414970397949, "learning_rate": 0.001, "momentum": 0.9, "epoch": 30, "_timestamp": 1656585296, "_runtime": 2941, "_step": 4449, "val/aAcc": 0.615, "val/mIoU": 0.2895, "val/mAcc": 0.41, "val/IoU.background": 0.0, "val/IoU.wall": 0.5043999862670898, "val/IoU.floor": 0.19170000076293944, "val/IoU.column": 0.0, "val/IoU.opening": 0.590900001525879, "val/IoU.facade/deco": 0.450099983215332, "val/Acc.background": 0.0, "val/Acc.wall": 0.7587000274658203, "val/Acc.floor": 0.28329999923706056, "val/Acc.column": 0.0, "val/Acc.opening": 0.7669999694824219, "val/Acc.facade/deco": 0.6506999969482422, "val/decode.loss_ce_val": 0.8372493668606407, "val/decode.loss_dice_val": 1.3216107017115544, "val/decode.acc_seg_val": 68.0262431094521, "val/aux.loss_ce_val": 0.35969092971400213, "val/aux.loss_dice_val": 0.5468654350230568, "val/aux.acc_seg_val": 64.58831867418792, "val/loss_val": 3.065416373704609}