{"train/decode.loss_ce": 1.183020420027095, "train/decode.loss_dice": 1.6896705390601758, "train/decode.acc_seg": 53.0522845944032, "train/aux.loss_ce": 0.4934965547741644, "train/aux.loss_dice": 0.6930174669682585, "train/aux.acc_seg": 49.9077650790183, "train/loss": 4.059204969974543, "learning_rate": 0.001, "momentum": 0.9, "epoch": 23, "_timestamp": 1656407781, "_runtime": 7418, "_step": 3474, "val/eval_iter_num": 76, "val/aAcc": 0.4839, "val/mIoU": 0.1697, "val/mAcc": 0.2741, "val/IoU.background": 0.0, "val/IoU.wall": 0.42540000915527343, "val/IoU.floor": 0.002800000011920929, "val/IoU.column": 0.0, "val/IoU.opening": 0.33029998779296876, "val/IoU.facade/deco": 0.2595000076293945, "val/Acc.background": 0.0, "val/Acc.wall": 0.700999984741211, "val/Acc.floor": 0.0030000001192092896, "val/Acc.column": 0.0, "val/Acc.opening": 0.535, "val/Acc.facade/deco": 0.40560001373291016}