{"train/decode.loss_ce": 0.8963029639215658, "train/decode.loss_dice": 1.1070317633894107, "train/decode.acc_seg": 72.8615126704538, "train/aux.loss_ce": 0.35510389585763413, "train/aux.loss_dice": 0.6192644842413088, "train/aux.acc_seg": 69.36137589713596, "train/loss": 2.9777030984297492, "learning_rate": 0.1, "momentum": 0.9, "epoch": 300, "_timestamp": 1656827438, "_runtime": 24207, "_step": 45301, "val/eval_iter_num": 38, "val/aAcc": 0.7156, "val/mIoU": 0.41609999999999997, "val/mAcc": 0.5216, "val/IoU.background": 0.306299991607666, "val/IoU.wall": 0.6034000015258789, "val/IoU.floor": 0.40560001373291016, "val/IoU.column": 0.0, "val/IoU.opening": 0.6583999633789063, "val/IoU.facade/deco": 0.5227000045776368, "val/Acc.background": 0.33169998168945314, "val/Acc.wall": 0.7876000213623047, "val/Acc.floor": 0.4286999893188477, "val/Acc.column": 0.0, "val/Acc.opening": 0.8841999816894531, "val/Acc.facade/deco": 0.6972000122070312, "_wandb": {"runtime": 24208}}