{"train/decode.loss_ce": 0.8546819686889648, "train/decode.loss_dice": 1.369688481684552, "train/decode.acc_seg": 67.54700881755905, "train/loss": 2.224370442478862, "learning_rate": 0.0001, "momentum": 0.9, "epoch": 300, "_timestamp": 1656317397, "_runtime": 18770, "_step": 45301, "val/eval_iter_num": 76, "val/aAcc": 0.6376, "val/mIoU": 0.3147, "val/mAcc": 0.435, "val/IoU.background": 0.0, "val/IoU.wall": 0.5129999923706055, "val/IoU.floor": 0.2690999984741211, "val/IoU.column": 9.999999776482581e-05, "val/IoU.opening": 0.640199966430664, "val/IoU.facade/deco": 0.4659000015258789, "val/Acc.background": 0.0, "val/Acc.wall": 0.778499984741211, "val/Acc.floor": 0.43099998474121093, "val/Acc.column": 9.999999776482581e-05, "val/Acc.opening": 0.7563999938964844, "val/Acc.facade/deco": 0.6443000030517578, "_wandb": {"runtime": 18771}}