{"train/decode.loss_ce": 1.2551409282431698, "train/decode.loss_dice": 1.7742459442441827, "train/decode.acc_seg": 47.12326682640227, "train/aux.loss_ce": 0.5087454626891786, "train/aux.loss_dice": 0.7089209130268224, "train/aux.acc_seg": 46.55694197345254, "train/loss": 4.247053261624266, "learning_rate": 0.001, "momentum": 0.9, "epoch": 2, "_timestamp": 1656242220, "_runtime": 128, "_step": 303, "val/eval_iter_num": 76, "val/aAcc": 0.4629, "val/mIoU": 0.1514, "val/mAcc": 0.24710000000000001, "val/IoU.background": 0.0, "val/IoU.wall": 0.41700000762939454, "val/IoU.floor": 0.0, "val/IoU.column": 0.0, "val/IoU.opening": 0.2352000045776367, "val/IoU.facade/deco": 0.2564999961853027, "val/Acc.background": 0.0, "val/Acc.wall": 0.7330000305175781, "val/Acc.floor": 0.0, "val/Acc.column": 0.0, "val/Acc.opening": 0.2797999954223633, "val/Acc.facade/deco": 0.4697000122070312}