{"train/decode.loss_ce": 0.6720809887181844, "train/decode.loss_dice": 1.1952025152200105, "train/decode.acc_seg": 74.46551943141104, "train/aux.loss_ce": 0.28620204151860923, "train/aux.loss_dice": 0.49282486963745775, "train/aux.acc_seg": 72.86031404709973, "train/loss": 2.646310424173115, "learning_rate": 0.001, "momentum": 0.9, "epoch": 300, "_timestamp": 1657082936, "_runtime": 26429, "_step": 45301, "val/eval_iter_num": 38, "val/aAcc": 0.7572, "val/mIoU": 0.5453, "val/mAcc": 0.6715000000000001, "val/IoU.background": NaN, "val/IoU.wall": 0.6284000015258789, "val/IoU.floor": 0.5575, "val/IoU.column": 0.26559999465942385, "val/IoU.opening": 0.7337000274658203, "val/IoU.facade/deco": 0.5413000106811523, "val/Acc.background": NaN, "val/Acc.wall": 0.7820999908447266, "val/Acc.floor": 0.6816000366210937, "val/Acc.column": 0.3397000122070313, "val/Acc.opening": 0.8225, "val/Acc.facade/deco": 0.731500015258789, "_wandb": {"runtime": 26430}}