{"train/decode.loss_ce": 0.9590204429152785, "train/decode.loss_dice": 1.4821155773882835, "train/decode.acc_seg": 63.655621004420404, "train/aux.loss_ce": 0.4023941151353697, "train/aux.loss_dice": 0.607830348393775, "train/aux.acc_seg": 61.88044839821114, "train/loss": 3.451360486201103, "learning_rate": 0.0001, "momentum": 0.9, "epoch": 300, "_timestamp": 1656926704, "_runtime": 21177, "_step": 45301, "val/eval_iter_num": 38, "val/aAcc": 0.6396999999999999, "val/mIoU": 0.3231, "val/mAcc": 0.4371, "val/IoU.background": NaN, "val/IoU.wall": 0.5347000122070312, "val/IoU.floor": 0.10899999618530273, "val/IoU.column": 0.0, "val/IoU.opening": 0.553499984741211, "val/IoU.facade/deco": 0.41830001831054686, "val/Acc.background": NaN, "val/Acc.wall": 0.7511000061035156, "val/Acc.floor": 0.1422000026702881, "val/Acc.column": 0.0, "val/Acc.opening": 0.6658999633789062, "val/Acc.facade/deco": 0.6263000106811524, "_wandb": {"runtime": 21178}}