{"train/decode.loss_ce": 0.9579263104508254, "train/decode.loss_dice": 0.9825335427230557, "train/decode.acc_seg": 69.44077023133536, "train/aux.loss_ce": 0.37265592191787744, "train/aux.loss_dice": 0.5744391391608888, "train/aux.acc_seg": 64.52471933933283, "train/loss": 2.8875549068514084, "learning_rate": 0.01, "momentum": 0.9, "epoch": 300, "_timestamp": 1655724306, "_runtime": 26790, "_step": 45301, "val/eval_iter_num": 76, "val/aAcc": 0.6634, "val/mIoU": 0.3345, "val/mAcc": 0.4439, "val/IoU.background": 0.0, "val/IoU.wall": 0.5397000122070312, "val/IoU.floor": 0.2625, "val/IoU.column": 0.0, "val/IoU.opening": 0.7066000366210937, "val/IoU.facade/deco": 0.49790000915527344, "val/Acc.background": 0.0, "val/Acc.wall": 0.7981999969482422, "val/Acc.floor": 0.34419998168945315, "val/Acc.column": 0.0, "val/Acc.opening": 0.8029000091552735, "val/Acc.facade/deco": 0.7177999877929687, "_wandb": {"runtime": 26791}}