{"train/decode.loss_ce": 0.8299419163473395, "train/decode.loss_dice": 1.6906714826230183, "train/decode.acc_seg": 69.70137554446593, "train/aux.loss_ce": 0.3555901106817043, "train/aux.loss_dice": 0.6954591848597621, "train/aux.acc_seg": 67.48723038932346, "train/loss": 3.57166269283421, "learning_rate": 0.0001, "momentum": 0.9, "epoch": 300, "_timestamp": 1656857010, "_runtime": 29535, "_step": 45301, "val/eval_iter_num": 38, "val/aAcc": 0.6783, "val/mIoU": 0.43189999999999995, "val/mAcc": 0.5912, "val/IoU.background": 0.39369998931884764, "val/IoU.wall": 0.5522000122070313, "val/IoU.floor": 0.4079000091552734, "val/IoU.column": 0.12390000343322755, "val/IoU.opening": 0.635099983215332, "val/IoU.facade/deco": 0.47869998931884766, "val/Acc.background": 0.5338999938964843, "val/Acc.wall": 0.7341999816894531, "val/Acc.floor": 0.7245999908447266, "val/Acc.column": 0.20350000381469727, "val/Acc.opening": 0.7169000244140625, "val/Acc.facade/deco": 0.6343999862670898, "_wandb": {"runtime": 29532}}