{"train/decode.loss_ce": 1.037485346691498, "train/decode.loss_dice": 1.049431811302703, "train/decode.acc_seg": 67.75652783122284, "train/aux.loss_ce": 0.3995422426833222, "train/aux.loss_dice": 0.608070825306785, "train/aux.acc_seg": 60.49987719706352, "train/loss": 3.0945302066424034, "learning_rate": 0.01, "momentum": 0.9, "epoch": 300, "_timestamp": 1655603019, "_runtime": 19650, "_step": 45301, "val/eval_iter_num": 76, "val/aAcc": 0.6331, "val/mIoU": 0.2905, "val/mAcc": 0.39270000000000005, "val/IoU.background": 0.0, "val/IoU.wall": 0.5231999969482422, "val/IoU.floor": 0.14079999923706055, "val/IoU.column": 0.0, "val/IoU.opening": 0.6302999877929687, "val/IoU.facade/deco": 0.44880001068115233, "val/Acc.background": 0.0, "val/Acc.wall": 0.8123000335693359, "val/Acc.floor": 0.15789999961853027, "val/Acc.column": 0.0, "val/Acc.opening": 0.7223000335693359, "val/Acc.facade/deco": 0.6636000061035157, "_wandb": {"runtime": 19651}}