{"train/decode.loss_ce": 0.9631143699813363, "train/decode.loss_dice": 1.0808859218824778, "train/decode.acc_seg": 68.14452331745072, "train/aux.loss_ce": 0.34769639589928636, "train/aux.loss_dice": 0.5386990052185311, "train/aux.acc_seg": 66.52549604706417, "train/loss": 2.9303956876527395, "learning_rate": 0.01, "momentum": 0.9, "epoch": 27, "_timestamp": 1655585109, "_runtime": 1740, "_step": 4078, "val/eval_iter_num": 76, "val/aAcc": 0.6329, "val/mIoU": 0.3131, "val/mAcc": 0.46840000000000004, "val/IoU.background": 0.0, "val/IoU.wall": 0.5341999816894532, "val/IoU.floor": 0.251200008392334, "val/IoU.column": 0.0, "val/IoU.opening": 0.6313000106811524, "val/IoU.facade/deco": 0.46180000305175783, "val/Acc.background": 0.0, "val/Acc.wall": 0.7808999633789062, "val/Acc.floor": 0.6530999755859375, "val/Acc.column": 0.0, "val/Acc.opening": 0.7743000030517578, "val/Acc.facade/deco": 0.6022999954223632}