{"train/decode.loss_ce": 0.7057621549099486, "train/decode.loss_dice": 0.8984415882470592, "train/decode.acc_seg": 63.99621396348966, "train/aux.loss_ce": 0.34349010687395437, "train/aux.loss_dice": 0.42447904216137944, "train/aux.acc_seg": 57.18503009720354, "train/loss": 2.372172886172667, "learning_rate": 0.1, "momentum": 0.9, "epoch": 300, "_timestamp": 1654793709, "_runtime": 35692, "_step": 45302, "val/aAcc": 0.6673, "val/mIoU": 0.3336, "val/mAcc": 0.44549999999999995, "val/IoU.background": 0.0, "val/IoU.wall": 0.5541999816894532, "val/IoU.floor": 0.37540000915527344, "val/IoU.column": 0.0, "val/IoU.opening": 0.5995000076293945, "val/IoU.facade/deco": 0.47220001220703123, "val/Acc.background": 0.0, "val/Acc.wall": 0.8036000061035157, "val/Acc.floor": 0.5534000015258789, "val/Acc.column": 0.0, "val/Acc.opening": 0.6334999847412109, "val/Acc.facade/deco": 0.6826999664306641, "val/decode.loss_ce_val": 0.8663351786764044, "val/decode.loss_dice_val": 1.025415596993346, "val/decode.acc_seg_val": 70.31435183474892, "val/aux.loss_ce_val": 0.3591593931380071, "val/aux.loss_dice_val": 0.4277431262951148, "val/aux.acc_seg_val": 68.35831381145276, "val/loss_val": 2.678653309219762, "_wandb": {"runtime": 35695}}