{"train/decode.loss_ce": 0.5254151680266226, "train/decode.loss_dice": 0.5992370911978728, "train/decode.acc_seg": 70.41069688860155, "train/aux.loss_ce": 0.2086649437663176, "train/aux.loss_dice": 0.342289251799615, "train/aux.acc_seg": 69.44880758373942, "train/loss": 1.6756064457609163, "learning_rate": 0.001, "momentum": 0.95, "epoch": 300, "_timestamp": 1654682736, "_runtime": 40979, "_step": 45302, "val/aAcc": 0.7436, "val/mIoU": 0.39909999999999995, "val/mAcc": 0.4885, "val/IoU.background": 0.0, "val/IoU.wall": 0.6469000244140625, "val/IoU.floor": 0.281200008392334, "val/IoU.column": 0.17889999389648437, "val/IoU.opening": 0.7536000061035156, "val/IoU.facade/deco": 0.534000015258789, "val/Acc.background": 0.0, "val/Acc.wall": 0.8705999755859375, "val/Acc.floor": 0.2855999946594238, "val/Acc.column": 0.2343000030517578, "val/Acc.opening": 0.836500015258789, "val/Acc.facade/deco": 0.7041000366210938, "val/decode.loss_ce_val": 0.7129407760344053, "val/decode.loss_dice_val": 0.7478709930652067, "val/decode.acc_seg_val": 77.09612866451866, "val/aux.loss_ce_val": 0.25579311130078214, "val/aux.loss_dice_val": 0.3844274125601116, "val/aux.acc_seg_val": 77.54861440156635, "val/loss_val": 2.1010322962936603, "_wandb": {"runtime": 40983}}