{"train/decode.loss_ce": 0.8633545137793812, "train/decode.loss_dice": 1.2842010006999338, "train/decode.acc_seg": 72.14609199170245, "train/aux.loss_ce": 0.34414365433699246, "train/aux.loss_dice": 0.6927628582281782, "train/aux.acc_seg": 68.22911109671688, "train/loss": 3.1844620199392963, "learning_rate": 0.01, "momentum": 0.9, "epoch": 300, "_timestamp": 1656953897, "_runtime": 27063, "_step": 45301, "val/eval_iter_num": 38, "val/aAcc": 0.7595000000000001, "val/mIoU": 0.48950000000000005, "val/mAcc": 0.6113000000000001, "val/IoU.background": 0.5256000137329102, "val/IoU.wall": 0.6277999877929688, "val/IoU.floor": 0.4377000045776367, "val/IoU.column": 0.0, "val/IoU.opening": 0.7680999755859375, "val/IoU.facade/deco": 0.5781000137329102, "val/Acc.background": 0.7526000213623046, "val/Acc.wall": 0.7868000030517578, "val/Acc.floor": 0.49740001678466794, "val/Acc.column": 0.0, "val/Acc.opening": 0.8698999786376953, "val/Acc.facade/deco": 0.7613999938964844, "_wandb": {"runtime": 27062}}