{"train/decode.loss_ce": 1.0042286083003542, "train/decode.loss_dice": 1.1572122112015226, "train/decode.acc_seg": 53.496221103415586, "train/loss": 2.161440815357183, "learning_rate": 0.1, "momentum": 0.8, "epoch": 4, "_timestamp": 1655381035, "_runtime": 238, "_step": 605, "val/eval_iter_num": 76, "val/aAcc": 0.6064, "val/mIoU": 0.2477, "val/mAcc": 0.3465, "val/IoU.background": 0.0, "val/IoU.wall": 0.5120000076293946, "val/IoU.floor": 0.043499999046325684, "val/IoU.column": 0.0, "val/IoU.opening": 0.5629000091552734, "val/IoU.facade/deco": 0.36770000457763674, "val/Acc.background": 0.0, "val/Acc.wall": 0.7645999908447265, "val/Acc.floor": 0.04989999771118164, "val/Acc.column": 0.0, "val/Acc.opening": 0.6897000122070313, "val/Acc.facade/deco": 0.5747999954223633}