{"train/decode.loss_ce": 0.7853379908776441, "train/decode.loss_dice": 0.9803693670508088, "train/decode.acc_seg": 75.64004276604052, "train/loss": 1.765707364934959, "learning_rate": 0.001, "momentum": 0.9, "epoch": 300, "_timestamp": 1657065957, "_runtime": 41104, "_step": 45301, "val/eval_iter_num": 38, "val/aAcc": 0.7419, "val/mIoU": 0.5065999999999999, "val/mAcc": 0.6393, "val/IoU.background": 0.27920000076293944, "val/IoU.wall": 0.6168999862670899, "val/IoU.floor": 0.5822999954223633, "val/IoU.column": 0.27280000686645506, "val/IoU.opening": 0.7308999633789063, "val/IoU.facade/deco": 0.5572000122070313, "val/Acc.background": 0.43020000457763674, "val/Acc.wall": 0.7869000244140625, "val/Acc.floor": 0.6901000213623046, "val/Acc.column": 0.39419998168945314, "val/Acc.opening": 0.8138999938964844, "val/Acc.facade/deco": 0.7201000213623047, "_wandb": {"runtime": 41104}}