{"train/decode.loss_ce": 0.6469421982765198, "train/decode.loss_dice": 0.9448372551936977, "train/decode.acc_seg": 76.51297578116916, "train/aux.loss_ce": 0.2631032076103008, "train/aux.loss_dice": 0.47242880163603274, "train/aux.acc_seg": 75.2649539669618, "train/loss": 2.3273114605455207, "learning_rate": 0.001, "momentum": 0.9, "epoch": 300, "_timestamp": 1656353727, "_runtime": 25343, "_step": 45301, "val/eval_iter_num": 76, "val/aAcc": 0.6914, "val/mIoU": 0.40409999999999996, "val/mAcc": 0.5267000000000001, "val/IoU.background": 0.0, "val/IoU.wall": 0.5763999938964843, "val/IoU.floor": 0.43139999389648437, "val/IoU.column": 0.1540999984741211, "val/IoU.opening": 0.7256999969482422, "val/IoU.facade/deco": 0.5368000030517578, "val/Acc.background": 0.0, "val/Acc.wall": 0.8473999786376953, "val/Acc.floor": 0.4875, "val/Acc.column": 0.32849998474121095, "val/Acc.opening": 0.8080000305175781, "val/Acc.facade/deco": 0.6890000152587891, "_wandb": {"runtime": 25345}}