{"train/decode.loss_ce": 0.8650112653410198, "train/decode.loss_dice": 0.9178863238814651, "train/decode.acc_seg": 72.47160523774608, "train/aux.loss_ce": 0.31687204391751067, "train/aux.loss_dice": 0.5241875879417192, "train/aux.acc_seg": 69.9775149869603, "train/loss": 2.6239571918714915, "learning_rate": 0.01, "momentum": 0.9, "epoch": 300, "_timestamp": 1656156566, "_runtime": 25179, "_step": 45301, "val/eval_iter_num": 76, "val/aAcc": 0.5932999999999999, "val/mIoU": 0.2785, "val/mAcc": 0.4102, "val/IoU.background": 0.0, "val/IoU.wall": 0.49380001068115237, "val/IoU.floor": 0.27700000762939453, "val/IoU.column": 0.0, "val/IoU.opening": 0.48319999694824217, "val/IoU.facade/deco": 0.41700000762939454, "val/Acc.background": 0.0, "val/Acc.wall": 0.7201000213623047, "val/Acc.floor": 0.40200000762939453, "val/Acc.column": 0.0, "val/Acc.opening": 0.7787000274658203, "val/Acc.facade/deco": 0.5602000045776367, "_wandb": {"runtime": 25181}}