{"train/decode.loss_ce": 0.5883038351867372, "train/decode.loss_dice": 0.8820908316318562, "train/decode.acc_seg": 79.1864398173149, "train/aux.loss_ce": 0.24156117493545773, "train/aux.loss_dice": 0.4514332960378255, "train/aux.acc_seg": 77.55842913697097, "train/loss": 2.1633891277755333, "learning_rate": 0.001, "momentum": 0.9, "epoch": 300, "_timestamp": 1656372720, "_runtime": 18969, "_step": 45301, "val/eval_iter_num": 76, "val/aAcc": 0.6957, "val/mIoU": 0.41960000000000003, "val/mAcc": 0.5839, "val/IoU.background": 0.0, "val/IoU.wall": 0.5750999832153321, "val/IoU.floor": 0.44310001373291014, "val/IoU.column": 0.20170000076293945, "val/IoU.opening": 0.7387999725341797, "val/IoU.facade/deco": 0.5586999893188477, "val/Acc.background": 0.0, "val/Acc.wall": 0.8241999816894531, "val/Acc.floor": 0.5202000045776367, "val/Acc.column": 0.63, "val/Acc.opening": 0.8256999969482421, "val/Acc.facade/deco": 0.7036000061035156, "_wandb": {"runtime": 18970}}