{
    "config": "/root/mmsegmentation/configs/deeplabv3plus/mydeeplabv3plus.py",
    "metric": {
        "aAcc": 0.813,
        "mIoU": 0.623,
        "mAcc": 0.7548999999999999,
        "IoU.background": 0.5404000091552734,
        "IoU.wall": 0.7019999694824218,
        "IoU.floor": 0.6222000122070312,
        "IoU.column": 0.4361000061035156,
        "IoU.opening": 0.8019999694824219,
        "IoU.facade/deco": 0.6354999923706055,
        "Acc.background": 0.7262000274658204,
        "Acc.wall": 0.8252999877929688,
        "Acc.floor": 0.7877999877929688,
        "Acc.column": 0.5277999877929688,
        "Acc.opening": 0.8851000213623047,
        "Acc.facade/deco": 0.7770999908447266
    }
}