{"train/decode.loss_ce": 1.1820971239481541, "train/decode.loss_dice": 1.6798345829477372, "train/decode.acc_seg": 52.2274909366835, "train/loss": 2.861931702948564, "learning_rate": 0.0001, "momentum": 0.9, "epoch": 10, "_timestamp": 1655799582, "_runtime": 802, "_step": 1511, "val/eval_iter_num": 76, "val/aAcc": 0.4728, "val/mIoU": 0.16870000000000002, "val/mAcc": 0.271, "val/IoU.background": 0.0, "val/IoU.wall": 0.39799999237060546, "val/IoU.floor": 0.003799999952316284, "val/IoU.column": 0.0, "val/IoU.opening": 0.34569999694824216, "val/IoU.facade/deco": 0.2645000076293945, "val/Acc.background": 0.0, "val/Acc.wall": 0.6591999816894532, "val/Acc.floor": 0.0038999998569488525, "val/Acc.column": 0.0, "val/Acc.opening": 0.5093000030517578, "val/Acc.facade/deco": 0.45360000610351564}