{"train/decode.loss_ce": 0.5232468140835793, "train/decode.loss_dice": 0.5284384469816227, "train/decode.acc_seg": 69.21295704115306, "train/aux.loss_ce": 0.20737355196268747, "train/aux.loss_dice": 0.327087888062395, "train/aux.acc_seg": 67.82395316117646, "train/loss": 1.5861466973033171, "learning_rate": 0.001, "momentum": 0.9, "epoch": 300, "_timestamp": 1655180398, "_runtime": 21068, "_step": 45302, "val/aAcc": 0.7232999999999999, "val/mIoU": 0.42469999999999997, "val/mAcc": 0.5851, "val/IoU.background": 0.0, "val/IoU.wall": 0.624000015258789, "val/IoU.floor": 0.47889999389648436, "val/IoU.column": 0.16430000305175782, "val/IoU.opening": 0.7302999877929688, "val/IoU.facade/deco": 0.5508000183105469, "val/Acc.background": 0.0, "val/Acc.wall": 0.8186000061035156, "val/Acc.floor": 0.6013999938964844, "val/Acc.column": 0.6083000183105469, "val/Acc.opening": 0.8079000091552735, "val/Acc.facade/deco": 0.6741999816894532, "val/decode.loss_ce_val": 0.7826165878459027, "val/decode.loss_dice_val": 0.7204276331161198, "val/decode.acc_seg_val": 76.06604485762746, "val/aux.loss_ce_val": 0.22810969933083183, "val/aux.loss_dice_val": 0.37078789896086645, "val/aux.acc_seg_val": 78.57147196719521, "val/loss_val": 2.101941798862658, "_wandb": {"runtime": 21073}}