{"train/decode.loss_ce": 1.0590226713395277, "train/decode.loss_dice": 1.925108397243828, "train/decode.acc_seg": 60.814618925385126, "train/loss": 2.984131061478166, "learning_rate": 0.0001, "momentum": 0.9, "epoch": 300, "_timestamp": 1656860459, "_runtime": 24862, "_step": 45301, "val/eval_iter_num": 38, "val/aAcc": 0.6172, "val/mIoU": 0.3102, "val/mAcc": 0.4315, "val/IoU.background": 0.24700000762939453, "val/IoU.wall": 0.5115999984741211, "val/IoU.floor": 0.108100004196167, "val/IoU.column": 0.0, "val/IoU.opening": 0.5865999984741211, "val/IoU.facade/deco": 0.40810001373291016, "val/Acc.background": 0.37490001678466794, "val/Acc.wall": 0.7147000122070313, "val/Acc.floor": 0.13609999656677246, "val/Acc.column": 0.0, "val/Acc.opening": 0.7461000061035157, "val/Acc.facade/deco": 0.6172000122070312, "_wandb": {"runtime": 24863}}