{"train/decode.loss_ce": 1.0559189824868511, "train/decode.loss_dice": 1.457454797447912, "train/decode.acc_seg": 65.3555450692082, "train/aux.loss_ce": 0.4811960148890287, "train/aux.loss_dice": 0.6855473865736399, "train/aux.acc_seg": 57.863251187154, "train/loss": 3.6801171934367805, "learning_rate": 0.1, "momentum": 0.9, "epoch": 300, "_timestamp": 1656878442, "_runtime": 21375, "_step": 45301, "val/eval_iter_num": 38, "val/aAcc": 0.675, "val/mIoU": 0.38, "val/mAcc": 0.5159, "val/IoU.background": 0.3747999954223633, "val/IoU.wall": 0.5370999908447266, "val/IoU.floor": 0.2027000045776367, "val/IoU.column": 0.0, "val/IoU.opening": 0.6683999633789063, "val/IoU.facade/deco": 0.49709999084472656, "val/Acc.background": 0.6331000137329101, "val/Acc.wall": 0.701500015258789, "val/Acc.floor": 0.27329999923706055, "val/Acc.column": 0.0, "val/Acc.opening": 0.7569000244140625, "val/Acc.facade/deco": 0.7308000183105469, "_wandb": {"runtime": 21376}}