{"train/decode.loss_ce": 0.5301065057121366, "train/decode.loss_dice": 0.5932051009985785, "train/decode.acc_seg": 81.34702391971815, "train/loss": 1.1233116013324813, "learning_rate": 0.01, "momentum": 0.9, "epoch": 300, "_timestamp": 1656384419, "_runtime": 19159, "_step": 45301, "val/eval_iter_num": 76, "val/aAcc": 0.7343000000000001, "val/mIoU": 0.4746, "val/mAcc": 0.5824, "val/IoU.background": 0.0, "val/IoU.wall": 0.5983000183105469, "val/IoU.floor": 0.5522999954223633, "val/IoU.column": 0.30870000839233397, "val/IoU.opening": 0.7843000030517578, "val/IoU.facade/deco": 0.6038999938964844, "val/Acc.background": 0.0, "val/Acc.wall": 0.8383000183105469, "val/Acc.floor": 0.6347999954223633, "val/Acc.column": 0.3661999893188477, "val/Acc.opening": 0.8702999877929688, "val/Acc.facade/deco": 0.7844999694824218, "_wandb": {"runtime": 19159}}