{"train/decode.loss_ce": 0.49350978335402657, "train/decode.loss_dice": 0.8129833340644836, "train/decode.acc_seg": 81.57698657812662, "train/loss": 1.3064931165303615, "learning_rate": 0.001, "momentum": 0.9, "epoch": 300, "_timestamp": 1656007171, "_runtime": 23808, "_step": 45301, "val/eval_iter_num": 76, "val/aAcc": 0.7251000000000001, "val/mIoU": 0.4475, "val/mAcc": 0.5884, "val/IoU.background": 0.0, "val/IoU.wall": 0.6109000015258789, "val/IoU.floor": 0.5309999847412109, "val/IoU.column": 0.20290000915527343, "val/IoU.opening": 0.7711000061035156, "val/IoU.facade/deco": 0.5690000152587891, "val/Acc.background": 0.0, "val/Acc.wall": 0.8480000305175781, "val/Acc.floor": 0.625999984741211, "val/Acc.column": 0.48069999694824217, "val/Acc.opening": 0.8605000305175782, "val/Acc.facade/deco": 0.7151999664306641, "_wandb": {"runtime": 23810}}