{"train/decode.loss_ce": 0.654290020071118, "train/decode.loss_dice": 1.1348495045245088, "train/decode.acc_seg": 75.54576100734685, "train/loss": 1.7891395249903597, "learning_rate": 0.0001, "momentum": 0.9, "epoch": 300, "_timestamp": 1656365229, "_runtime": 24736, "_step": 45301, "val/eval_iter_num": 76, "val/aAcc": 0.6931, "val/mIoU": 0.3953, "val/mAcc": 0.5309, "val/IoU.background": 0.0, "val/IoU.wall": 0.6025, "val/IoU.floor": 0.44880001068115233, "val/IoU.column": 0.07809999942779541, "val/IoU.opening": 0.7188999938964844, "val/IoU.facade/deco": 0.5231000137329102, "val/Acc.background": 0.0, "val/Acc.wall": 0.8294999694824219, "val/Acc.floor": 0.6006999969482422, "val/Acc.column": 0.2702000045776367, "val/Acc.opening": 0.808499984741211, "val/Acc.facade/deco": 0.6766999816894531, "_wandb": {"runtime": 24738}}