{"train/decode.loss_ce": 1.0210656251338934, "train/decode.loss_dice": 1.007607966464087, "train/decode.acc_seg": 67.5633364797428, "train/aux.loss_ce": 0.3956229886077098, "train/aux.loss_dice": 0.5964694445496364, "train/aux.acc_seg": 61.27800558734414, "train/loss": 3.0207660363999422, "learning_rate": 0.01, "momentum": 0.9, "epoch": 300, "_timestamp": 1655749923, "_runtime": 25582, "_step": 45301, "val/eval_iter_num": 76, "val/aAcc": 0.6394, "val/mIoU": 0.3122, "val/mAcc": 0.43439999999999995, "val/IoU.background": 0.0, "val/IoU.wall": 0.5195999908447265, "val/IoU.floor": 0.21290000915527343, "val/IoU.column": 0.0, "val/IoU.opening": 0.66, "val/IoU.facade/deco": 0.4804999923706055, "val/Acc.background": 0.0, "val/Acc.wall": 0.7693000030517578, "val/Acc.floor": 0.38040000915527344, "val/Acc.column": 0.0, "val/Acc.opening": 0.7795999908447265, "val/Acc.facade/deco": 0.6772000122070313, "_wandb": {"runtime": 25583}}