{"train/decode.loss_ce": 0.9388454864356691, "train/decode.loss_dice": 1.4601390053894345, "train/decode.acc_seg": 64.11016317708602, "train/loss": 2.398984496167164, "learning_rate": 0.0001, "momentum": 0.9, "epoch": 300, "_timestamp": 1655817495, "_runtime": 17688, "_step": 45301, "val/eval_iter_num": 76, "val/aAcc": 0.5993999999999999, "val/mIoU": 0.26940000000000003, "val/mAcc": 0.3836, "val/IoU.background": 0.0, "val/IoU.wall": 0.48130001068115236, "val/IoU.floor": 0.13840000152587892, "val/IoU.column": 0.0, "val/IoU.opening": 0.5709999847412109, "val/IoU.facade/deco": 0.42540000915527343, "val/Acc.background": 0.0, "val/Acc.wall": 0.7269999694824218, "val/Acc.floor": 0.21170000076293946, "val/Acc.column": 0.0, "val/Acc.opening": 0.7294000244140625, "val/Acc.facade/deco": 0.6331999969482421, "_wandb": {"runtime": 17700}}