{"train/decode.loss_ce": 0.5560223128621942, "train/decode.loss_dice": 0.6315400925101033, "train/decode.acc_seg": 80.57622068291468, "train/loss": 1.1875624068525454, "learning_rate": 0.01, "momentum": 0.9, "epoch": 300, "_timestamp": 1655736219, "_runtime": 17967, "_step": 45301, "val/eval_iter_num": 76, "val/aAcc": 0.7319, "val/mIoU": 0.4739, "val/mAcc": 0.5831000000000001, "val/IoU.background": 0.0, "val/IoU.wall": 0.5970000076293945, "val/IoU.floor": 0.5213999938964844, "val/IoU.column": 0.3461000061035156, "val/IoU.opening": 0.785199966430664, "val/IoU.facade/deco": 0.5938000106811523, "val/Acc.background": 0.0, "val/Acc.wall": 0.8341000366210938, "val/Acc.floor": 0.5808000183105468, "val/Acc.column": 0.4247999954223633, "val/Acc.opening": 0.8837999725341796, "val/Acc.facade/deco": 0.775, "_wandb": {"runtime": 17967}}