{"train/decode.loss_ce": 0.533639064293034, "train/decode.loss_dice": 0.601760062259554, "train/decode.acc_seg": 81.27567786412523, "train/loss": 1.135399126453905, "learning_rate": 0.01, "momentum": 0.9, "epoch": 300, "_timestamp": 1656168518, "_runtime": 23643, "_step": 45301, "val/eval_iter_num": 76, "val/aAcc": 0.7254, "val/mIoU": 0.4629, "val/mAcc": 0.59, "val/IoU.background": 0.0, "val/IoU.wall": 0.5934000015258789, "val/IoU.floor": 0.5043999862670898, "val/IoU.column": 0.3284000015258789, "val/IoU.opening": 0.7670999908447266, "val/IoU.facade/deco": 0.5841999816894531, "val/Acc.background": 0.0, "val/Acc.wall": 0.8437999725341797, "val/Acc.floor": 0.565, "val/Acc.column": 0.5404000091552734, "val/Acc.opening": 0.8466000366210937, "val/Acc.facade/deco": 0.7441000366210937, "_wandb": {"runtime": 23639}}