{"train/decode.loss_ce": 0.8006542619095732, "train/decode.loss_dice": 1.3108926569389192, "train/decode.acc_seg": 69.85590655598419, "train/loss": 2.111546926940514, "learning_rate": 0.0001, "momentum": 0.9, "epoch": 300, "_timestamp": 1656340470, "_runtime": 23040, "_step": 45301, "val/eval_iter_num": 76, "val/aAcc": 0.6517000000000001, "val/mIoU": 0.3392, "val/mAcc": 0.4612, "val/IoU.background": 0.0, "val/IoU.wall": 0.5436000061035157, "val/IoU.floor": 0.3053000068664551, "val/IoU.column": 0.07949999809265136, "val/IoU.opening": 0.6530999755859375, "val/IoU.facade/deco": 0.45369998931884764, "val/Acc.background": 0.0, "val/Acc.wall": 0.8119000244140625, "val/Acc.floor": 0.47759998321533204, "val/Acc.column": 0.11369999885559082, "val/Acc.opening": 0.7419999694824219, "val/Acc.facade/deco": 0.6222000122070312, "_wandb": {"runtime": 23040}}