{"train/decode.loss_ce": 0.7155731916427612, "train/decode.loss_dice": 0.8293660283088684, "train/decode.acc_seg": 79.59727478027344, "train/loss": 1.5449392795562744, "learning_rate": 0.01, "momentum": 0.9, "epoch": 88, "_timestamp": 1656585296, "_runtime": 9243, "_step": 13235, "val/aAcc": 0.6889, "val/mIoU": 0.4068, "val/mAcc": 0.5155, "val/IoU.background": 0.0, "val/IoU.wall": 0.5504000091552734, "val/IoU.floor": 0.6145000076293945, "val/IoU.column": 0.0, "val/IoU.opening": 0.7254000091552735, "val/IoU.facade/deco": 0.5506999969482422, "val/Acc.background": 0.0, "val/Acc.wall": 0.8408999633789063, "val/Acc.floor": 0.6980999755859375, "val/Acc.column": 0.0, "val/Acc.opening": 0.7866999816894531, "val/Acc.facade/deco": 0.7670999908447266, "val/decode.loss_ce_val": 0.6750398874282837, "val/decode.loss_dice_val": 0.7738931116304899, "val/decode.acc_seg_val": 77.89997542531867, "val/loss_val": 1.4489329927846004}