{"train/decode.loss_ce": 0.5171650845483439, "train/decode.loss_dice": 0.8325529512980127, "train/decode.acc_seg": 80.42472601884248, "train/loss": 1.3497180386094858, "learning_rate": 0.001, "momentum": 0.9, "epoch": 300, "_timestamp": 1656212321, "_runtime": 18847, "_step": 45301, "val/eval_iter_num": 76, "val/aAcc": 0.7253000000000001, "val/mIoU": 0.446, "val/mAcc": 0.597, "val/IoU.background": 0.0, "val/IoU.wall": 0.6381999969482421, "val/IoU.floor": 0.5247999954223633, "val/IoU.column": 0.15850000381469725, "val/IoU.opening": 0.7708000183105469, "val/IoU.facade/deco": 0.5838999938964844, "val/Acc.background": 0.0, "val/Acc.wall": 0.8355999755859375, "val/Acc.floor": 0.5968999862670898, "val/Acc.column": 0.5406999969482422, "val/Acc.opening": 0.8425, "val/Acc.facade/deco": 0.7659999847412109, "_wandb": {"runtime": 18849}}