{"train/decode.loss_ce": 0.8024180997286411, "train/decode.loss_dice": 0.7912960461038627, "train/decode.acc_seg": 75.63594176437681, "train/aux.loss_ce": 0.35166228883313816, "train/aux.loss_dice": 0.41615695205350584, "train/aux.acc_seg": 70.99092614887566, "train/loss": 2.3615333955019513, "learning_rate": 0.1, "momentum": 0.9, "epoch": 300, "_timestamp": 1657234564, "_runtime": 18140, "_step": 45301, "val/eval_iter_num": 38, "val/aAcc": 0.7606, "val/mIoU": 0.4617, "val/mAcc": 0.5606, "val/IoU.background": NaN, "val/IoU.wall": 0.6493000030517578, "val/IoU.floor": 0.35560001373291017, "val/IoU.column": 0.0, "val/IoU.opening": 0.7615000152587891, "val/IoU.facade/deco": 0.5422999954223633, "val/Acc.background": NaN, "val/Acc.wall": 0.8175, "val/Acc.floor": 0.36290000915527343, "val/Acc.column": 0.0, "val/Acc.opening": 0.8702999877929688, "val/Acc.facade/deco": 0.752300033569336, "_wandb": {"runtime": 18142}}