{"train/decode.loss_ce": 1.358555555343628, "train/decode.loss_dice": 1.4000041484832764, "train/decode.acc_seg": 46.37746047973633, "train/loss": 2.7585597038269043, "learning_rate": 0.1, "momentum": 0.9, "epoch": 2, "_timestamp": 1658029050, "_runtime": 157, "_step": 179, "val/aAcc": 0.5302, "val/mIoU": 0.2384, "val/mAcc": 0.3635, "val/IoU.background": NaN, "val/IoU.wall": 0.38459999084472657, "val/IoU.floor": 0.019600000381469727, "val/IoU.column": 0.0, "val/IoU.opening": 0.43270000457763674, "val/IoU.facade/deco": 0.35509998321533204, "val/Acc.background": NaN, "val/Acc.wall": 0.525099983215332, "val/Acc.floor": 0.021400001049041748, "val/Acc.column": 0.0, "val/Acc.opening": 0.6254000091552734, "val/Acc.facade/deco": 0.6454000091552734, "val/decode.loss_ce_val": 1.6165055099286532, "val/decode.loss_dice_val": 1.3425436459089581, "val/decode.acc_seg_val": 54.36684477956671, "val/loss_val": 2.9590491746601306}