{"train/decode.loss_ce": 1.4954101518289933, "train/decode.loss_dice": 1.2010556301533781, "train/decode.acc_seg": 51.2770960220438, "train/aux.loss_ce": 0.4817571391333018, "train/aux.loss_dice": 0.6861085524622178, "train/aux.acc_seg": 50.53675897863527, "train/loss": 3.8643314680516325, "learning_rate": 0.01, "momentum": 0.9, "epoch": 2, "_timestamp": 1656408009, "_runtime": 125, "_step": 303, "val/eval_iter_num": 76, "val/aAcc": 0.5146000000000001, "val/mIoU": 0.1821, "val/mAcc": 0.2887, "val/IoU.background": 0.0, "val/IoU.wall": 0.44409999847412107, "val/IoU.floor": 0.0, "val/IoU.column": 0.0, "val/IoU.opening": 0.39740001678466796, "val/IoU.facade/deco": 0.25129999160766603, "val/Acc.background": 0.0, "val/Acc.wall": 0.759000015258789, "val/Acc.floor": 0.0, "val/Acc.column": 0.0, "val/Acc.opening": 0.6427999877929688, "val/Acc.facade/deco": 0.3302000045776367}