{"train/decode.loss_ce": 0.8262470088257695, "train/decode.loss_dice": 1.3429452326913542, "train/decode.acc_seg": 68.95269772864336, "train/aux.loss_ce": 0.34822542156210007, "train/aux.loss_dice": 0.5513851269586196, "train/aux.acc_seg": 67.10381953763645, "train/loss": 3.0688027719788202, "learning_rate": 0.0001, "momentum": 0.9, "epoch": 300, "_timestamp": 1656006169, "_runtime": 25843, "_step": 45301, "val/eval_iter_num": 76, "val/aAcc": 0.6385000000000001, "val/mIoU": 0.32799999999999996, "val/mAcc": 0.4667, "val/IoU.background": 0.0, "val/IoU.wall": 0.5231000137329102, "val/IoU.floor": 0.34549999237060547, "val/IoU.column": 0.00019999999552965163, "val/IoU.opening": 0.6537000274658203, "val/IoU.facade/deco": 0.44549999237060545, "val/Acc.background": 0.0, "val/Acc.wall": 0.7808999633789062, "val/Acc.floor": 0.6420999908447266, "val/Acc.column": 0.00019999999552965163, "val/Acc.opening": 0.750999984741211, "val/Acc.facade/deco": 0.6258000183105469, "_wandb": {"runtime": 25844}}