{"train/decode.loss_ce": 0.7139335428642122, "train/decode.loss_dice": 1.371952330434559, "train/decode.acc_seg": 74.00710769047011, "train/aux.loss_ce": 0.3059400747351299, "train/aux.loss_dice": 0.6547538170356624, "train/aux.acc_seg": 71.64039750762333, "train/loss": 3.0465797762207636, "learning_rate": 0.001, "momentum": 0.9, "epoch": 300, "_timestamp": 1657179238, "_runtime": 17398, "_step": 45301, "val/eval_iter_num": 38, "val/aAcc": 0.7617, "val/mIoU": 0.5507, "val/mAcc": 0.703, "val/IoU.background": 0.47560001373291017, "val/IoU.wall": 0.6343999862670898, "val/IoU.floor": 0.4533000183105469, "val/IoU.column": 0.40549999237060547, "val/IoU.opening": 0.77, "val/IoU.facade/deco": 0.5654999923706054, "val/Acc.background": 0.637400016784668, "val/Acc.wall": 0.7930000305175782, "val/Acc.floor": 0.5770999908447265, "val/Acc.column": 0.6468000030517578, "val/Acc.opening": 0.8475, "val/Acc.facade/deco": 0.715999984741211, "_wandb": {"runtime": 17400}}